Code,City Code,Country Code
YUL,YMQ,CA
GVA,GVA,CH
KVK,KVK,RU
AGR,AGR,IN
JUJ,JUJ,AR
LOH,LOH,EC
YQB,YQB,CA
LZH,LZH,CN
CZS,CZS,BR
GYE,GYE,EC
GJT,GJT,US
USJ,USJ,KZ
TAS,TAS,UZ
PDX,PDX,US
AAR,AAR,DK
HGH,HGH,CN
HLP,JKT,ID
ARW,ARW,RO
JDO,JDO,BR
KKN,KKN,NO
CRZ,CRZ,TM
KRB,KRB,AU
FTA,FTA,VU
GAL,GAL,US
YVP,YVP,CA
YAG,YAG,CA
XJR,XJR,ES
STP,MSP,US
VVO,VVO,RU
PAE,PAE,US
KBL,KBL,AF
ABB,ABB,NG
MTJ,MTJ,US
NRL,NRL,GB
BJV,BJV,TR
RFP,RFP,PF
NKG,NKG,CN
SVX,SVX,RU
BVC,BVC,CV
FIR,FLR,IT
AMM,AMM,JO
VIL,VIL,MA
ZWU,WAS,US
PIT,PIT,US
PUQ,PUQ,CL
LED,LED,RU
VDT,MVD,UY
KIJ,KIJ,JP
OGL,OGL,GY
YZV,YZV,CA
IAM,IAM,DZ
HVN,HVN,US
JOI,JOI,BR
FUO,FUO,CN
CDR,CDR,US
JYV,JYV,FI
XJO,XJO,ES
MCM,MCM,MC
KCT,KCT,LK
INV,INV,GB
ZBV,EGE,US
RRS,RRS,NO
AVA,AVA,CN
LPY,LPY,FR
LSY,LSY,AU
VDH,VDH,VN
TGP,TGP,RU
BMV,BMV,VN
JIC,JIC,CN
JAU,JAU,PE
BOJ,BOJ,BG
YHZ,YHZ,CA
ZMI,NAP,IT
SOW,SOW,US
CEE,CEE,RU
SIP,SIP,KX
BLL,BLL,DK
KID,KID,SE
CGB,CGB,BR
AZN,AZN,UZ
ABV,ABV,NG
QGV,FRA,DE
DAV,DAV,PA
PRH,PRH,TH
HIB,HIB,US
SEN,LON,GB
BJI,BJI,US
SLU,SLU,LC
ELI,ELI,US
TBP,TBP,PE
CID,CID,US
CAN,CAN,CN
GRV,GRV,RU
YKL,YKL,CA
KLW,KLW,US
LHW,LHW,CN
SKU,SKU,GR
PKY,PKY,ID
ZRG,BTS,SK
MDW,CHI,US
DIB,DIB,IN
XIX,VRN,IT
KOY,KOY,US
IZO,IZO,JP
IQM,IQM,CN
DAC,DAC,BD
TMX,TMX,DZ
TNA,TNA,CN
MTY,MTY,MX
USK,USK,RU
VFA,VFA,ZW
BKS,BKS,ID
WYA,WYA,AU
MII,MII,BR
PRA,PRA,AR
GUW,GUW,KZ
VIE,VIE,AT
ZYP,NYC,US
CHQ,CHQ,GR
ZWH,WDH,NA
CPO,CPO,CL
YYC,YYC,CA
TZL,TZL,BA
PDV,PDV,BG
GTE,GTE,AU
WXN,WXN,CN
KIY,KIY,TZ
URY,URY,SA
MAN,MAN,GB
LPB,LPB,BO
MST,MST,NL
HRE,HRE,ZW
OOL,OOL,AU
ORB,ORB,SE
SPU,SPU,HR
PVU,PVU,US
MBJ,MBJ,JM
KUM,KUM,JP
YYZ,YTO,CA
HYD,HYD,IN
YSM,YSM,CA
TBB,TBB,VN
ZWS,STR,DE
BHJ,BHJ,IN
LRD,LRD,US
MXH,MXH,PG
MYG,MYG,BS
JNS,JNS,GL
NGO,NGO,JP
BHK,BHK,UZ
URG,URG,BR
KCH,KCH,MY
GCM,GCM,KY
BTK,BTK,RU
HBX,HBX,IN
PKC,PKC,RU
REX,REX,MX
AXM,AXM,CO
KIN,KIN,JM
SMS,SMS,MG
VEL,VEL,US
ZWE,ANR,BE
GIZ,GIZ,SA
LNJ,LNJ,CN
IVL,IVL,FI
HAM,HAM,DE
CHC,CHC,NZ
XKH,XKH,LA
POL,POL,MZ
KTN,KTN,US
QPP,BER,DE
VII,VII,VN
CTN,CTN,AU
KRF,KRF,SE
SDF,SDF,US
CPV,CPV,BR
TNC,TNC,US
PVC,PVC,US
MKL,MKL,US
SBP,CSL,US
BBK,BBK,BW
LTN,LON,GB
IAO,IAO,PH
XEX,PAR,FR
KWJ,KWJ,KR
LEN,LEN,ES
XWF,BLE,SE
CFG,CFG,CU
TGU,TGU,HN
ULH,ULH,SA
ZCC,FKB,DE
IOM,IOM,IM
ULZ,ULZ,MN
URJ,URJ,RU
NJF,NJF,IQ
PZO,PZO,VE
SHM,SHM,JP
YIH,YIH,CN
RDO,RDO,PL
YMT,YMT,CA
MKW,MKW,ID
ZIV,INV,GB
AZD,AZD,IR
IDA,IDA,US
HEH,HEH,MM
CVU,CVU,PT
WLK,WLK,US
KSE,KSE,UG
JUL,JUL,PE
MBE,MBE,JP
CJC,CJC,CL
ZTY,BOS,US
OSW,OSW,RU
ZTC,TRN,IT
BOO,BOO,NO
FSC,FSC,FR
CUF,CUF,IT
PCL,PCL,PE
YGP,YGP,CA
DGO,DGO,MX
PNL,PNL,IT
TGR,TGR,DZ
ACY,AIY,US
HLA,JNB,ZA
KDU,KDU,PK
LST,LST,AU
OLH,OLH,US
LBL,LBL,US
PAZ,PAZ,MX
CIH,CIH,CN
AXA,AXA,AI
UUS,UUS,RU
TIF,TIF,SA
YAK,YAK,US
ROB,MLW,LR
KRY,KRY,CN
TBW,TBW,RU
DND,DND,GB
TJJ,TSN,CN
TMP,TMP,FI
INU,INU,NR
HNL,HNL,US
AZO,AZO,US
TEN,TEN,CN
IXD,IXD,IN
MUX,MUX,PK
GYS,GYS,CN
JQA,JQA,GL
NWI,NWI,GB
ZLS,LON,GB
KSQ,KSQ,UZ
ISU,ISU,IQ
JDH,JDH,IN
JNZ,JNZ,CN
GAJ,GAJ,JP
LPA,LPA,ES
AAE,AAE,DZ
KPO,KPO,KR
BRU,BRU,BE
VCP,SAO,BR
HAK,HAK,CN
XZV,TLN,FR
EAR,EAR,US
MVR,MVR,CM
TRI,TRI,US
ANR,ANR,BE
BKZ,BKZ,TZ
UDR,UDR,IN
FCA,FCA,US
JMU,JMU,CN
SZI,SZI,KZ
XIC,XIC,CN
SFJ,SFJ,GL
FYU,FYU,US
UEO,UEO,JP
CLE,CLE,US
PAT,PAT,IN
MKK,MKK,US
BDS,BDS,IT
MHD,MHD,IR
STT,STT,VI
RIA,RIA,BR
ROP,ROP,MP
MSS,MSS,US
TOL,TOL,US
HUE,HUE,ET
LXR,LXR,EG
SCM,SCM,US
PVG,SHA,CN
GBE,GBE,BW
PJA,PJA,SE
AGF,AGF,FR
MFR,MFR,US
CPT,CPT,ZA
PDT,PDT,US
FNA,FNA,SL
YKA,YKA,CA
FMN,FMN,US
YAM,YAM,CA
SHB,SHB,JP
THU,THU,GL
TTN,PHL,US
BIF,ELP,US
XTJ,XTJ,ES
BZZ,BZZ,GB
ACV,ACV,US
SDV,TLV,IL
AMI,AMI,ID
GLN,GLN,MA
GND,GND,GD
ELD,ELD,US
XFA,LIL,FR
NAN,NAN,FJ
PPP,PPP,AU
PPB,PPB,BR
LEB,LEB,US
HWD,HWD,US
XIT,LEJ,DE
ZAQ,NUE,DE
LOP,LOP,ID
JQO,MOW,RU
CVN,CVN,US
BWI,BWI,US
PAC,PTY,PA
SGD,SGD,DK
BIS,BIS,US
IXR,IXR,IN
GZP,GZP,TR
APL,APL,MZ
IRI,IRI,TZ
PPK,PPK,KZ
HPA,HPA,TO
PUB,PUB,US
KIR,KIR,IE
CLT,CLT,US
TBG,TBG,PG
PRI,PRI,SC
GAU,GAU,IN
SAV,SAV,US
DLH,DLH,US
CJS,CJS,MX
NBO,NBO,KE
NQN,NQN,AR
NMA,NMA,UZ
MME,MME,GB
PBO,PBO,AU
LUQ,LUQ,AR
SDY,SDY,US
LYB,LYB,KY
YBC,YBC,CA
GGW,GGW,US
AVV,MEL,AU
GBB,GBB,AZ
LBF,LBF,US
STN,LON,GB
TJM,TJM,RU
LCY,LON,GB
CPR,CPR,US
OME,OME,US
TTT,TTT,TW
JKL,JKL,GR
CBO,CBO,PH
DHG,DHG,RU
YJC,LCG,ES
ITM,OSA,JP
HAC,HAC,JP
HGU,HGU,PG
EDI,EDI,GB
OPS,OPS,BR
LLF,LLF,CN
PPT,PPT,PF
XLJ,YQB,CA
BHB,BHB,US
LCJ,LCJ,PL
ROI,ROI,TH
DCM,DCM,FR
TKG,TKG,ID
ZIK,KLV,CZ
CYZ,CYZ,PH
YDQ,YDQ,CA
JDZ,JDZ,CN
UDI,UDI,BR
GET,GET,AU
KPR,KPR,US
XIR,DRS,DE
YPY,YPY,CA
BFL,BFL,US
VCA,VCA,VN
CPD,CPD,AU
JIM,JIM,ET
IFO,IFO,UA
XJI,CQM,ES
CHO,CHO,US
HPH,HPH,VN
MYY,MYY,MY
SRE,SRE,BO
QLV,QLV,DE
XVY,VCE,IT
AUS,AUS,US
LSV,LAS,US
TVS,TVS,CN
YVB,YVB,CA
IBA,IBA,NG
ISE,ISE,TR
ZEP,LON,GB
LLB,LLB,CN
ALF,ALF,NO
THL,THL,MM
EYW,EYW,US
KKA,KKA,US
ATY,ATY,US
SVZ,SVZ,VE
ZTE,ROC,US
DPA,CHI,US
GEA,NOU,NC
OST,OST,BE
GOT,GOT,SE
YBV,YBV,CA
LBS,LBS,FJ
MCK,MCK,US
DSA,DSA,GB
FKI,FKI,CD
ANC,ANC,US
VAA,VAA,FI
SUK,SUK,RU
CBG,CBG,GB
LUG,LUG,CH
JUH,JUH,CN
RFN,RFN,IS
WHK,WHK,NZ
BON,BON,BQ
PLW,PLW,ID
ICN,SEL,KR
KTM,KTM,NP
TPE,TPE,TW
FMO,FMO,DE
MIM,MIM,AU
TOF,TOF,RU
JSI,JSI,GR
YQL,YQL,CA
HVD,HVD,MN
GKA,GKA,PG
KSC,KSC,SK
SCY,SCY,EC
IPT,IPT,US
EOI,EOI,GB
MEE,MEE,NC
NER,NER,RU
BGO,BGO,NO
BQG,BQG,RU
SKX,SKX,RU
KZN,KZN,RU
MOD,MOD,US
KOP,KOP,TH
TPP,TPP,PE
APA,DEN,US
MDQ,MDQ,AR
MPV,MPV,US
ETR,ETR,EC
MZR,MZR,AF
HUI,HUI,VN
ESD,ESD,US
ELP,ELP,US
ZYZ,ANR,BE
JOK,JOK,RU
HHH,HHH,US
JHG,JHG,CN
CHH,CHH,PE
BGA,BGA,CO
PMR,PMR,NZ
JST,JST,US
DEF,DEF,IR
NUF,NUF,LK
PPW,PPW,GB
GEV,GEV,SE
ZTM,ZTM,CA
XIU,ERF,DE
ZUI,ZUH,CN
TSO,ISC,GB
FAY,FAY,US
YJW,XRY,ES
MLO,MLO,GR
TAO,TAO,CN
CSG,CSG,US
БАТ,БАТ,KG
SAN,SAN,US
TPQ,TPQ,MX
CEI,CEI,TH
LFQ,LFQ,CN
IXC,IXC,IN
DEB,DEB,HU
DCF,DOM,DM
RIW,RIW,US
KLN,KLN,US
IXA,IXA,IN
VQS,VQS,PR
YBP,YBP,CN
NOZ,NOZ,RU
UYN,UYN,CN
BNX,BNX,BA
YQR,YQR,CA
KUF,KUF,RU
XQP,XQP,CR
PXM,PXM,MX
SFB,ORL,US
OSI,OSI,HR
CJJ,CJJ,KR
XJT,TUF,FR
ZTO,BOS,US
CXH,YVR,CA
ECN,ECN,CY
MSQ,MSQ,BY
PLS,PLS,TC
YSO,YSO,CA
GRZ,GRZ,AT
ZBA,EAP,CH
SCU,SCU,CU
BSH,BSH,GB
CVT,CVT,GB
HAJ,HAJ,DE
ABA,ABA,RU
YJB,BCN,ES
USN,USN,KR
NVA,NVA,CO
CMB,CMB,LK
FXE,FLL,US
UKA,UKA,KE
NAQ,NAQ,GL
VLN,VLN,VE
MCY,MCY,AU
JAN,JAN,US
LUN,LUN,ZM
SAW,IST,TR
FCO,ROM,IT
CIF,CIF,CN
BNN,BNN,NO
ALG,ALG,DZ
PQQ,PQQ,AU
BHH,BHH,SA
FVS,LED,RU
HIA,HIA,CN
PWK,CHI,US
XDD,YGP,CA
LTX,LTX,EC
QQP,LON,GB
FLR,FLR,IT
YWG,YWG,CA
BFJ,BFJ,CN
LIN,MIL,IT
ZYI,ZYI,CN
BJZ,BJZ,ES
MBI,MBI,TZ
SYR,SYR,US
IRK,IRK,US
LDZ,LDZ,ZA
PAH,PAH,US
TRS,TRS,IT
OAG,OAG,AU
AOO,AOO,US
YEV,YEV,CA
NUE,NUE,DE
NKT,NKT,TR
FUJ,FUJ,JP
DSM,DSM,US
BBI,BBI,IN
UTH,UTH,TH
ZTG,AAL,DK
RIS,RIS,JP
GJL,GJL,DZ
XAA,EVN,AM
KGS,KGS,GR
RMF,RMF,EG
KMV,KMV,MM
VDZ,VDZ,US
YXY,YXY,CA
YZS,YZS,CA
IXM,IXM,IN
SNP,SNP,US
GIG,RIO,BR
XKL,KUL,MY
NOC,NOC,IE
SDE,SDE,AR
XCH,XCH,CX
PKA,PKA,US
GIB,GIB,GI
CFS,CFS,AU
ZOS,ZOS,CL
PGX,PGX,FR
DNR,DNR,FR
PEI,PEI,CO
TAY,TAY,EE
BGR,BGR,US
URA,URA,KZ
MMB,MMB,JP
AVN,AVN,FR
ABE,ABE,US
TKE,TKE,US
JAX,JAX,US
DEE,DEE,RU
QQW,LON,GB
YNP,YNP,CA
FBM,FBM,CD
MOB,MOB,US
CZL,CZL,DZ
HUH,HUH,PF
ZFX,SZZ,PL
LZN,LZN,TW
FAT,FAT,US
KTT,KTT,FI
RBA,RBA,MA
BHS,BHS,AU
MLE,MLE,MV
JXA,JXA,CN
PIE,TPA,US
RTB,RTB,HN
KGT,KGT,CN
LAN,LAN,US
PLQ,PLQ,LT
YIV,YIV,CA
KDZ,KDZ,LK
JQE,JQE,PA
XAD,YYQ,CA
HUY,HUY,GB
EQS,EQS,AR
BCM,BCM,RO
IRC,IRC,US
MQN,MQN,NO
OKA,OKA,JP
ASP,ASP,AU
XOC,MAD,ES
NTE,NTE,FR
KTG,KTG,ID
IMR,MIL,IT
PMY,PMY,AR
QQN,BHX,GB
FYJ,FYJ,CN
MYA,MYA,AU
GMP,SEL,KR
DOY,DOY,CN
ZCL,ZCL,MX
OVB,OVB,RU
PIO,PIO,PE
LAI,LAI,FR
ONG,ONG,AU
ORI,ORI,US
EAT,EAT,US
CLD,SAN,US
MQP,NLP,ZA
KSD,KSD,SE
YIO,YIO,CA
PMK,PMK,AU
PSS,PSS,AR
AFL,AFL,BR
KUN,KUN,LT
VUS,VUS,RU
AAL,AAL,DK
YIW,YIW,CN
ZGH,CPH,DK
PLV,PLV,UA
ASJ,ASJ,JP
KGX,KGX,US
PIS,PIS,FR
NCE,NCE,FR
ARH,ARH,RU
XUA,HSK,ES
COD,COD,US
SJW,SJW,CN
ETZ,ETZ,FR
POP,POP,DO
XGR,XGR,CA
DHM,DHM,IN
OSR,OSR,CZ
WVB,WVB,NA
RST,RST,US
NIM,NIM,NE
ZXS,BUF,US
XYD,LYS,FR
TQR,TQR,IT
EEK,EEK,US
BFM,MOB,US
CLQ,CLQ,MX
CUR,CUR,CW
MLB,MLB,US
ZMU,MUC,DE
LGK,LGK,MY
CGQ,CGQ,CN
USH,USH,AR
NBC,NBC,RU
BZR,BZR,FR
YOJ,YOJ,CA
CRA,CRA,RO
STV,STV,IN
FNB,FNB,DE
RES,RES,AR
KMI,KMI,JP
KPY,KPY,US
LNY,LNY,US
BQS,BQS,RU
VNS,VNS,IN
XYJ,PRG,CZ
BEL,BEL,BR
TUU,TUU,SA
CUE,CUE,EC
SPN,SPN,MP
SCW,SCW,RU
EAM,EAM,SA
UNN,UNN,TH
PBG,PBG,US
NGK,NGK,RU
LVI,LVI,ZM
OGX,OGX,DZ
DLC,DLC,CN
AAN,AAN,AE
MDE,MDE,CO
EWR,NYC,US
HIS,HIS,AU
ZFV,PHL,US
UAQ,UAQ,AR
CIY,CIY,IT
PUF,PUF,FR
TAB,TAB,TT
QFI,QFI,GL
HOT,HOT,US
XEA,YVR,CA
TUL,TUL,US
SKD,SKD,UZ
FSA,FUO,CN
CNY,CNY,US
ZIF,YOW,CA
OHH,OHH,RU
WSZ,WSZ,NZ
CAK,CAK,US
MFA,MFA,TZ
BGN,BGN,RU
IXU,IXU,IN
TLH,TLH,US
VIN,VIN,UA
INC,INC,CN
HET,HET,CN
VIT,VIT,ES
NUL,NUL,US
PTY,PTY,PA
MIA,MIA,US
GTR,UBS,US
IPN,IPN,BR
DOU,DOU,BR
MYJ,MYJ,JP
AGM,AGM,GL
BQJ,BQJ,RU
MPM,MPM,MZ
FNL,FNL,US
BZV,BZV,CG
SCR,SCR,SE
LMN,LMN,MY
YWB,YWB,CA
JBR,JBR,US
IBR,IBR,JP
LIM,LIM,PE
LIR,LIR,CR
NQZ,NQZ,KZ
YKQ,YKQ,CA
NSI,YAO,CM
KUU,KUU,IN
SVO,MOW,RU
DEN,DEN,US
CUC,CUC,CO
ASM,ASM,ER
TGT,TGT,TZ
NSH,NSH,IR
YUY,YUY,CA
BLI,BLI,US
QYX,QYX,SE
YSK,YSK,CA
IPH,IPH,MY
ILR,ILR,NG
HFE,HFE,CN
ASO,ASO,ET
MRY,MRY,US
OAL,OAL,BR
KSH,KSH,IR
IRA,IRA,SB
HON,HON,US
IFJ,IFJ,IS
DCY,DCY,CN
GUC,GUC,US
XEF,YWG,CA
TIJ,TIJ,MX
HFS,HFS,SE
BRA,BRA,BR
XPG,PAR,FR
PYY,PYY,TH
MSZ,MSZ,AO
ACK,ACK,US
SJJ,SJJ,BA
KKQ,KKQ,RU
MDU,MDU,PG
PSU,PSU,ID
DDC,DDC,US
ROT,ROT,NZ
RNB,RNB,SE
KLR,KLR,SE
BIQ,BIQ,FR
ICI,ICI,FJ
BPL,BPL,CN
SDU,RIO,BR
BHV,BHV,PK
VRA,VRA,CU
BAS,BAS,SB
LWY,LWY,MY
ZGI,ZGI,CA
LLI,LLI,ET
JKH,JKH,GR
ABZ,ABZ,GB
EEU,LEN,ES
BIA,BIA,FR
DRO,DRO,US
ATH,ATH,GR
FRO,FRO,NO
DYG,DYG,CN
LPQ,LPQ,LA
JJN,JJN,CN
KCZ,KCZ,JP
NBE,NBE,TN
PKR,PKR,NP
WMI,WAW,PL
ZWW,PHF,US
EMK,EMK,US
NTN,NTN,AU
NIF,NIF,AU
SRY,SRY,IR
XJY,PAR,FR
PDG,PDG,ID
KVR,KVR,RU
KSZ,KSZ,RU
DLU,DLU,CN
WRI,WRI,US
NNY,NNY,CN
DLM,DLM,TR
MUA,MUA,SB
ABY,ABY,US
BZN,BZN,US
MDL,MDL,MM
ILM,ILM,US
QPW,QPW,GL
XEV,STO,SE
LXA,LXA,CN
TRF,OSL,NO
LGB,LGB,US
KER,KER,IR
CRM,CRM,PH
KSF,KSF,DE
GRO,GRO,ES
CNX,CNX,TH
YKM,YKM,US
TLJ,TLJ,US
MEB,MEL,AU
QZD,QZD,HU
HVR,HVR,US
CHA,CHA,US
BHO,BHO,IN
QCU,QCU,GL
YNE,YNE,CA
POS,POS,TT
YBL,YBL,CA
KWL,KWL,CN
CKY,CKY,GN
MUZ,MUZ,TZ
SZF,SZF,TR
BJL,BJL,GM
SWF,SWF,US
LIT,LIT,US
BVH,BVH,BR
PBZ,PBZ,ZA
ZVH,AAN,AE
JSH,JSH,GR
BUD,BUD,HU
DPO,DPO,AU
DMB,DMB,KZ
BRC,BRC,AR
PSA,PSA,IT
YRL,YRL,CA
VPY,VPY,MZ
YIA,JOG,ID
PRY,PRY,ZA
UBA,UBA,BR
SZX,SZX,CN
ZPB,ZPB,CA
STX,STX,VI
XFW,HAM,DE
MKY,MKY,AU
BRN,BRN,CH
DMM,DMM,SA
TUO,TUO,NZ
APW,APW,WS
ADF,ADF,TR
BUS,BUS,GE
CDP,CDP,IN
YYU,YYU,CA
NNB,NNB,SB
ELF,ELF,SD
LDS,LDS,CN
MRE,MRE,KE
VXC,VXC,MZ
MQT,MQT,US
BAI,BAI,CR
SOC,SOC,ID
EYP,EYP,CO
VCS,VCS,VN
GRJ,GRJ,ZA
INZ,INZ,DZ
XYG,PRG,CZ
BWA,BWA,NP
NDJ,NDJ,TD
MID,MID,MX
BRR,BRR,GB
HRK,HRK,UA
QMK,QMK,GL
CUL,CUL,MX
ZYL,ZYL,BD
AHO,AHO,IT
VUP,VUP,CO
FAV,FAV,PF
SFG,SFG,MF
PLM,PLM,ID
ZGJ,OST,BE
GWD,GWD,PK
LRM,LRM,DO
QGN,QGN,ES
TRG,TRG,NZ
IXE,IXE,IN
XOU,XOU,ES
BUP,BUP,IN
BET,BET,US
HAH,YVA,KM
YQQ,YQQ,CA
PNQ,PNQ,IN
INH,INH,MZ
ROC,ROC,US
YQX,YQX,CA
YQF,YQF,CA
MHR,SAC,US
LYH,LYH,US
JIJ,JIJ,ET
PHL,PHL,US
LIG,LIG,FR
XNA,FYV,US
LEJ,LEJ,DE
JFK,NYC,US
TMJ,TMJ,UZ
TGG,TGG,MY
KLT,KLT,DE
PGH,PGH,IN
LKB,LKB,FJ
MVY,MVY,US
RJK,RJK,HR
SDN,SDN,NO
BWX,BWX,ID
FUK,FUK,JP
BAY,BAY,RO
ZCO,ZCO,CL
DEL,DEL,IN
YKS,YKS,RU
XXY,RNB,SE
HTN,HTN,CN
XEU,DXB,AE
SOU,SOU,GB
ALW,ALW,US
EKS,EKS,RU
JSY,JSY,GR
ZWB,PHF,US
CIC,CIC,US
KUS,KUS,GL
ARD,ARD,ID
MEX,MEX,MX
DSI,DSI,US
AKJ,AKJ,JP
HDS,HDS,ZA
XYB,BLE,SE
VST,STO,SE
KIX,OSA,JP
RHI,RHI,US
CAC,CAC,BR
IPC,IPC,CL
PCN,PCN,NZ
DSS,DKR,SN
KIM,KIM,ZA
ERL,ERL,CN
CBT,CBT,AO
SXK,SXK,ID
IMT,IMT,US
TYS,TYS,US
IGR,IGR,AR
WKJ,WKJ,JP
OAJ,OAJ,US
KSN,KSN,KZ
GRR,GRR,US
PEX,PEX,RU
CRW,CRW,US
PGU,PGU,IR
PXO,PXO,PT
BME,BME,AU
OPF,MIA,US
JLN,JLN,US
KNX,KNX,AU
NLA,NLA,ZM
CEN,CEN,MX
ASF,ASF,RU
OHD,OHD,MK
BAV,BAV,CN
VDE,VDE,ES
XQA,SVQ,ES
XDQ,YXU,CA
RDZ,RDZ,FR
WWK,WWK,PG
FDE,FDE,NO
KUK,KUK,US
SJP,SJP,BR
RDU,RDU,US
UKK,UKK,KZ
EIN,EIN,NL
BRF,LBA,GB
DMK,BKK,TH
AXU,AXU,ET
OIR,OIR,JP
YGJ,YGJ,JP
MAG,MAG,PG
XZT,TRD,NO
MAJ,MAJ,MH
YDA,YDA,CA
TAH,TAH,VU
REP,REP,KH
BAL,BAL,TR
CGO,CGO,CN
OLZ,OLZ,RU
ZZN,OSL,NO
SZY,SZY,PL
BNI,BNI,NG
XZI,ETZ,FR
ZRU,BOS,US
CKG,CKG,CN
BFD,BFD,US
ZGN,ZGN,CN
OAX,OAX,MX
CED,CED,AU
MGF,MGF,BR
MHG,MHG,DE
YGL,YGL,CA
UMS,UMS,RU
HHQ,HHQ,TH
IMF,IMF,IN
NAP,NAP,IT
MDG,MDG,CN
SGN,SGN,VN
YEI,YEI,TR
GOP,GOP,IN
KAJ,KAJ,FI
EUX,EUX,NL
JQF,MOW,RU
EGM,EGM,SB
KWE,KWE,CN
JKG,JKG,SE
BQT,BQT,BY
MKG,MKG,US
YYE,YYE,CA
FRS,FRS,GT
SJU,SJU,PR
GSV,RTW,RU
HAV,HAV,CU
GYD,BAK,AZ
IXP,IXP,IN
SVG,SVG,NO
STG,STG,US
JSA,JSA,IN
SAL,SAL,SV
QWB,BER,DE
KRP,KRP,DK
FGI,APW,WS
CGK,JKT,ID
HMO,HMO,MX
MOC,MOC,BR
AFW,DFW,US
LWB,LWB,US
TGM,TGM,RO
ART,ART,US
MMH,MMH,US
ESB,ANK,TR
CRV,CRV,IT
DDG,DDG,CN
GSO,GSO,US
LKA,LKA,ID
QEW,QEW,GB
TWF,TWF,US
NDB,NDB,MR
TGZ,TGZ,MX
ZYE,EIN,NL
LWO,LWO,UA
NVI,NVI,UZ
AXR,AXR,PF
BLR,BLR,IN
TLS,TLS,FR
CDC,CDC,US
GAO,GAO,CU
XVU,MME,GB
OOM,OOM,AU
ANF,ANF,CL
KRR,KRR,RU
KNA,KNA,CL
HUU,HUU,PE
MCG,MCG,US
LGW,LON,GB
TVY,TVY,MM
NYA,NYA,RU
EOH,MDE,CO
SYD,SYD,AU
MAA,MAA,IN
PIX,PIX,PT
ERS,WDH,NA
NYR,NYR,RU
ZSA,ZSA,BS
YZF,YZF,CA
UUA,UUA,RU
CXI,CXI,KI
PFL,PRG,CZ
ZDH,EAP,CH
YCB,YCB,CA
TMW,TMW,AU
YAX,YAX,CA
QKL,CGN,DE
HAQ,HAQ,MV
CAE,CAE,US
BGW,BGW,IQ
OZC,OZC,PH
YFC,YFC,CA
MZT,MZT,MX
ZLZ,LBA,GB
MVP,MVP,CO
SCL,SCL,CL
RAI,RAI,CV
SYZ,SYZ,IR
YNJ,YNJ,CN
LGA,NYC,US
MSO,MSO,US
LOE,LOE,TH
KWP,KWP,US
PAD,PAD,DE
ADA,ADA,TR
FSP,FSP,PM
MTH,MTH,US
RSA,RSA,AR
ABL,ABL,US
HYS,HYS,US
NME,NME,US
ASR,ASR,TR
MGZ,MGZ,MM
GLH,GLH,US
BRI,BRI,IT
SRI,SRI,ID
ZFQ,BOD,FR
IKO,IKO,US
UPN,UPN,MX
PQI,PQI,US
SRG,SRG,ID
SWT,SWT,RU
CUZ,CUZ,PE
MBD,MBD,ZA
SLC,SLC,US
PIZ,PIZ,US
EER,REU,ES
PTG,PTG,ZA
TAG,TAG,PH
RVN,RVN,FI
BXH,BXH,KZ
DRV,DRV,MV
UBP,UBP,TH
HKD,HKD,JP
CMX,CMX,US
ZIH,ZIH,MX
XHK,VAF,FR
VCL,VCL,VN
TPA,TPA,US
CNQ,CNQ,AR
XYH,AGH,SE
GIS,GIS,NZ
UTN,UTN,ZA
ALS,ALS,US
MAB,MAB,BR
ORD,CHI,US
ALH,ALH,AU
OPO,OPO,PT
HGR,HGR,US
LLW,LLW,MW
OBU,OBU,US
TEZ,TEZ,IN
ZMS,FLR,IT
POZ,POZ,PL
GMO,GMO,NG
BXU,BXU,PH
TCZ,TCZ,CN
OMA,OMA,US
MJT,MJT,GR
LCK,CMH,US
MHH,MHH,BS
SEZ,SEZ,SC
OGG,OGG,US
MSN,MSN,US
ZYQ,SYR,US
GTF,GTF,US
ZAM,ZAM,PH
KKB,KKB,US
RAP,RAP,US
OIT,OIT,JP
CMG,CMG,BR
EXT,EXT,GB
AQG,AQG,CN
NPE,NPE,NZ
XFR,MMA,SE
BUF,BUF,US
KYU,KYU,US
YKF,YKF,CA
FMA,FMA,AR
MLN,MLN,ES
KVA,KVA,GR
CGR,CGR,BR
MZV,MZV,MY
MCW,MCW,US
BSG,BSG,GQ
NKM,NGO,JP
BHY,BHY,CN
IPI,IPI,CO
NDY,NDY,GB
DRG,DRG,US
TOD,TOD,MY
ZRZ,WAS,US
BZL,BZL,BD
XDV,YXS,CA
TPS,TPS,IT
BRL,BRL,US
LET,LET,CO
YWH,YYJ,CA
COS,COS,US
YYR,YYR,CA
SAB,SAB,BQ
BAQ,BAQ,CO
DLG,DLG,US
WAG,WAG,NZ
LUW,LUW,ID
UKG,UKG,RU
YXE,YXE,CA
HME,HME,DZ
WRO,WRO,PL
LAD,LAD,AO
HIN,HIN,KR
SSJ,SSJ,NO
OVD,OVD,ES
ZAT,ZAT,CN
LPP,LPP,FI
LJU,LJU,SI
XMB,DXB,AE
EWN,EWN,US
CJB,CJB,IN
RAR,RAR,CK
KJA,KJA,RU
YGO,YGO,CA
TNJ,TNJ,ID
UTT,UTT,ZA
FLA,FLA,CO
XIK,MIL,IT
VRY,VRY,NO
LAE,LAE,PG
FRA,FRA,DE
LPL,LPL,GB
HKN,HKN,PG
YDF,YDF,CA
GOA,GOA,IT
OGZ,OGZ,RU
VDM,VDM,AR
TNN,TNN,TW
XWT,VIE,AT
HUN,HUN,TW
BAX,BAX,RU
URS,URS,RU
YHK,YHK,CA
XDX,YZR,CA
EBB,EBB,UG
XJG,DRW,AU
FKS,FKS,JP
IKA,THR,IR
GTO,GTO,ID
HLH,HLH,CN
PMC,PMC,CL
VKO,MOW,RU
MGB,MGB,AU
ONJ,ONJ,JP
CUN,CUN,MX
SNR,SNR,FR
OZZ,OZZ,MA
ZHY,ZHY,CN
YXX,YXX,CA
TIV,TIV,ME
MHT,MHT,US
LOS,LOS,NG
BHX,BHX,GB
RUH,RUH,SA
FUE,FUE,ES
RJA,RJA,IN
SLK,SLK,US
TBT,TBT,BR
TYR,TYR,US
TNR,TNR,MG
SLN,SLN,US
GPT,GPT,US
YQZ,YQZ,CA
HRI,HRI,LK
ZVM,HAJ,DE
CNS,CNS,AU
VAW,VAW,NO
KHS,KHS,OM
CKZ,CKZ,TR
KNH,KNH,TW
SLV,SLV,IN
TIA,TIA,AL
VNY,LAX,US
COU,COU,US
GVN,GVN,RU
ZAG,ZAG,HR
TJQ,TJQ,ID
CGN,CGN,DE
KCA,KCA,CN
JAC,JAC,US
MKQ,MKQ,ID
OMH,OMH,IR
EGX,EGX,US
PSM,BOS,US
DXB,DXB,AE
NCS,NCS,ZA
BDA,BDA,BM
AUG,AUG,US
GZT,GZT,TR
OKD,SPK,JP
UVF,SLU,LC
RLG,RLG,DE
BOM,BOM,IN
WUX,WUX,CN
BKW,BKW,US
SUF,SUF,IT
PNH,PNH,KH
BOD,BOD,FR
MYU,MYU,US
XHW,ASP,AU
APN,APN,US
LUK,CVG,US
KCM,KCM,TR
CEG,CEG,GB
DWD,DWD,SA
WRY,WRY,GB
VDC,VDC,BR
VHC,VHC,AO
AJA,AJA,FR
MAF,MAF,US
ZIU,ZUH,CN
PMA,PMA,TZ
SMR,SMR,CO
ISG,ISG,JP
BLK,BLK,GB
TRW,TRW,KI
POR,POR,FI
CME,CME,MX
MJF,MJF,NO
WNZ,WNZ,CN
HRL,HRL,US
RKT,RKT,AE
KHZ,KHZ,PF
AUA,AUA,AW
IXI,IXI,IN
ZLO,ZLO,MX
LWS,LWS,US
GYN,GYN,BR
TSF,VCE,IT
LAW,LAW,US
XKR,KSU,NO
MSU,MSU,LS
YSJ,YSJ,CA
WIL,NBO,KE
HSL,HSL,US
LCE,LCE,HN
CAG,CAG,IT
TTE,TTE,ID
PGA,PGA,US
MGA,MGA,NI
EMD,EMD,AU
RGK,RGK,RU
NYU,NYU,MM
FNC,FNC,PT
XIL,XIL,CN
UYU,UYU,BO
HRB,HRB,CN
KOS,KOS,KH
KEF,REK,IS
TKU,TKU,FI
ZAD,ZAD,HR
VIJ,VIJ,VG
XNE,XNE,GB
HLN,HLN,US
LNK,LNK,US
WUA,WUA,CN
GES,GES,PH
NAJ,NAJ,AZ
VDO,VDO,VN
QSF,QSF,DZ
TIP,TIP,LY
ENA,ENA,US
JUB,JUB,SS
AHB,AHB,SA
NRA,NRA,AU
RZE,RZE,PL
ABM,ABM,AU
SJZ,SJZ,PT
XWS,XWS,GB
ZYT,MST,NL
XNC,MIL,IT
JOS,JOS,NG
HSG,HSG,JP
BMU,BMU,ID
MUN,MUN,VE
MHC,WCA,CL
APO,APO,CO
SFN,SFN,AR
LMJ,TYO,JP
TLT,TLT,US
FTU,FTU,MG
NAW,NAW,TH
HZG,HZG,CN
WGA,WGA,AU
YJM,AGP,ES
CRK,CRK,PH
SDD,SDD,AO
BSC,BSC,CO
SON,SON,VU
TBU,TBU,TO
NST,NST,TH
IPR,MIL,IT
SFT,SFT,SE
OTH,OTH,US
MAZ,MAZ,PR
SHO,MTS,SZ
RCH,RCH,CO
GME,GME,BY
ATW,ATW,US
TCR,TCR,IN
VTZ,VTZ,IN
COO,COO,BJ
YGT,YGT,CA
EVG,EVG,SE
TCB,TCB,BS
MUC,MUC,DE
VAG,VAG,BR
YRB,YRB,CA
CEZ,CEZ,US
FON,FON,CR
ENY,ENY,CN
OHE,OHE,CN
NEV,NEV,KN
ILI,ILI,US
AVP,AVP,US
YCD,YCD,CA
YZP,YZP,CA
BFF,BFF,US
DIL,DIL,TL
GHB,GHB,BS
ORK,ORK,IE
HEL,HEL,FI
DEA,DEA,PK
MYR,MYR,US
LYP,LYP,PK
TOE,TOE,TN
FSZ,FSZ,JP
VCE,VCE,IT
EBU,EBU,FR
XEG,YGK,CA
YAA,YAA,CA
ETM,ETH,IL
VXO,VXO,SE
UZR,UZR,KZ
SPD,SPD,BD
PWM,PWM,US
KSL,KSL,SD
BDL,BDL,US
ZGB,NQT,GB
BAH,BAH,BH
MPL,MPL,FR
DIY,DIY,TR
QKU,CGN,DE
MEM,MEM,US
XFZ,YQB,CA
SDJ,SDJ,JP
PSE,PSE,PR
TMS,TMS,ST
DUB,DUB,IE
YQK,YQK,CA
ZMB,HAM,DE
XSH,TUF,FR
DSN,DSN,CN
MSP,MSP,US
LTO,LTO,MX
RMI,RMI,IT
ABR,ABR,US
REC,REC,BR
ELU,ELU,DZ
EZV,EZV,RU
PYX,PYX,TH
DOD,DOD,TZ
YPQ,YPQ,CA
IGT,IGT,RU
TFF,TFF,BR
HCR,HCR,US
OLB,OLB,IT
SHL,SHL,IN
HNY,HNY,CN
CFN,CFN,IE
CAP,CAP,HT
IWA,IWA,RU
MOF,MOF,ID
ZYR,BRU,BE
BRO,BRO,US
SID,SID,CV
IKT,IKT,RU
CZU,CZU,CO
ZMP,MAN,GB
VPS,VPS,US
CWL,CWL,GB
YJG,GRX,ES
RAK,RAK,MA
ABD,ABD,IR
DED,DED,IN
RIX,RIX,LV
KRS,KSU,NO
GHA,GHA,DZ
NDG,NDG,CN
SBN,SBN,US
EMA,NQT,GB
YYT,YYT,CA
ULV,ULY,RU
NPL,NPL,NZ
ZFT,FLL,US
ZAZ,ZAZ,ES
TMR,TMR,DZ
ABI,ABI,US
PHE,PHE,AU
VBY,VBY,SE
LDU,LDU,MY
DIN,DIN,VN
LFW,LFW,TG
JSU,JSU,GL
LBB,LBB,US
COR,COR,AR
GFK,GFK,US
KOE,KOE,ID
CPE,CPE,MX
PMO,PMO,IT
ZHC,PHL,US
VHM,VHM,SE
REG,REG,IT
GNY,GNY,TR
KIV,KIV,MD
KQT,KQT,TJ
YTQ,YTQ,CA
XYL,LYS,FR
MHK,MHK,US
PAP,PAP,HT
TLA,TLA,US
BLQ,BLQ,IT
BTS,BTS,SK
SUS,STL,US
DZN,DZN,KZ
ABU,ABU,ID
NJC,NJC,RU
PKB,PKB,US
BQD,BDS,IT
KSY,KSY,TR
NOV,NOV,AO
PHS,PHS,TH
ZIA,MOW,RU
GEL,GEL,BR
SKN,SKN,NO
BJR,BJR,ET
UIK,UIK,RU
PLO,PLO,AU
BRM,BRM,VE
PGK,PGK,ID
SCF,PHX,US
IXG,IXG,IN
RYK,RYK,PK
XED,XED,FR
STL,STL,US
KKH,KKH,US
ZID,AAR,DK
JIQ,JIQ,CN
CBB,CBB,BO
LUX,LUX,LU
SHA,SHA,CN
HDD,HDD,PK
NAV,NAV,TR
KNG,KNG,ID
ZAH,ZAH,IR
BJW,BJW,ID
KIT,KIT,GR
VNX,VNX,MZ
XCR,PAR,FR
LDY,LDY,GB
OND,OND,NA
IAD,WAS,US
LEX,LEX,US
LUV,LUV,ID
MOV,MOV,AU
KET,KET,MM
GWL,GWL,IN
BND,BND,IR
VRL,VRL,PT
FNI,FNI,FR
BCI,BCI,AU
MBA,MBA,KE
FTE,FTE,AR
TML,TML,GH
SKG,SKG,GR
TNH,TNH,CN
LMP,LMP,IT
FSD,FSD,US
XDB,LIL,FR
SUG,SUG,PH
ZYK,ZYK,CN
LUZ,LUZ,PL
CAB,CAB,AO
BGM,BGM,US
PMW,PMW,BR
PUU,PUU,CO
IWD,IWD,US
OHO,OHO,RU
SOY,SOY,GB
PNI,PNI,FM
YPJ,YPJ,CA
SLA,SLA,AR
NTQ,NTQ,JP
KWN,KWN,US
URE,URE,EE
OCC,OCC,EC
JOG,JOG,ID
KNK,KNK,US
TRD,TRD,NO
XYK,NRK,SE
SCV,SCV,RO
AKX,AKX,KZ
GRB,GRB,US
SYX,SYX,CN
AQJ,AQJ,JO
MLI,MLI,US
LMT,LMT,US
SPI,SPI,US
SVU,SVU,FJ
PHW,PHW,ZA
HDY,HDY,TH
NTG,NTG,CN
GRI,GRI,US
TMU,TMU,CR
EXI,EXI,US
XGC,XGC,SE
RHO,RHO,GR
ZEL,ZEL,CA
TKK,TKK,FM
LDB,LDB,BR
QXB,QXB,FR
MJZ,MJZ,RU
IMP,IMP,BR
KAD,KAD,NG
COK,COK,IN
LXG,LXG,LA
MJU,MJU,ID
ENI,ENI,PH
HTY,HTY,TR
BUR,BUR,US
HAD,HAD,SE
ZUH,ZUH,CN
AEP,BUE,AR
MMY,MMY,JP
DVL,DVL,US
DPL,DPL,PH
SXR,SXR,IN
SHH,SHH,US
TRV,TRV,IN
ERG,ERG,RU
NQY,NQY,GB
BTJ,BTJ,ID
ZML,MKE,US
ODS,ODS,UA
XIZ,RHE,FR
YMM,YMM,CA
HVB,HVB,AU
MSR,MSR,TR
VIF,VIF,IT
LAX,LAX,US
OBZ,HAM,DE
OZH,OZH,UA
PBM,PBM,SR
HNZ,SZX,CN
MDZ,MDZ,AR
AZR,AZR,DZ
PZB,PZB,ZA
DAY,DAY,US
TLC,MEX,MX
JUV,JUV,GL
STI,STI,DO
RET,RET,NO
MHQ,MHQ,AX
IKI,IKI,JP
YKG,YKG,CA
EZS,EZS,TR
LBA,LBA,GB
DUT,DUT,US
JGN,JGN,CN
CYX,CYX,RU
BCD,BCD,PH
IAS,IAS,RO
HMV,HMV,SE
GGG,GGG,US
TRN,TRN,IT
CRP,CRP,US
DLI,DLI,VN
KYP,KYP,MM
HND,TYO,JP
NZY,SAN,US
CGP,CGP,BD
YJL,SDR,ES
ZMT,ZMT,CA
BLZ,BLZ,MW
CXJ,CXJ,BR
DOL,DOL,FR
RAB,RAB,PG
FSM,FSM,US
IBT,BLQ,IT
EPR,EPR,AU
THX,THX,RU
TCO,TCO,CO
KEJ,KEJ,RU
USM,USM,TH
BSL,EAP,CH
DUS,DUS,DE
ATM,ATM,BR
ZYJ,OPO,PT
QGQ,QGQ,GL
TMT,TMT,BR
IAR,IAR,RU
CFU,CFU,GR
NDR,NDR,MA
MFE,MFE,US
JJU,JJU,GL
MLL,MLL,US
FAR,FAR,US
ANS,ANS,PE
EGN,EGN,SD
MKZ,MKZ,MY
MKE,MKE,US
LYG,LYG,CN
BEB,BEB,GB
OSS,OSS,KG
ATQ,ATQ,IN
GYG,GYG,RU
HSN,HSN,CN
TAC,TAC,PH
IFP,IFP,US
TBS,TBS,GE
FKB,FKB,DE
ATL,ATL,US
OAK,OAK,US
SRP,SRP,NO
CAY,CAY,GF
ARK,ARK,TZ
JGS,JGS,CN
SMX,SMX,US
FRD,FRD,US
CNM,CNM,US
TTA,TTA,MA
CCU,CCU,IN
ESU,ESU,MA
CMI,CMI,US
NSK,NSK,RU
ABS,ABS,EG
CGH,SAO,BR
JHS,JHS,GL
PNK,PNK,ID
NOS,NOS,MG
ENH,ENH,CN
ADL,ADL,AU
NLV,NLV,UA
VLY,VLY,GB
SUI,SUI,GE
XRF,MRS,FR
JHM,JHM,US
ALB,ALB,US
ITH,ITH,US
ZBB,EBJ,DK
PKU,PKU,ID
XER,SXB,FR
NDC,NDC,IN
PUW,PUW,US
JNX,JNX,GR
KEM,KEM,FI
XJH,HKG,HK
JED,JED,SA
ULK,ULK,RU
ELV,ELV,US
CEB,CEB,PH
BLJ,BLJ,DZ
BJM,BJM,BI
SAC,SAC,US
HTI,HTI,AU
WIN,WIN,AU
AWZ,AWZ,IR
MCI,MKC,US
XIV,VLL,ES
BIM,BIM,BS
ZHT,GVA,CH
XFP,MMA,SE
TLM,TLM,DZ
TKD,TKD,GH
AUX,AUX,BR
AGX,AGX,IN
YHU,YMQ,CA
MOQ,MOQ,MG
EVV,EVV,US
GCI,GCI,GG
LYC,LYC,SE
KLX,KLX,GR
TJA,TJA,BO
TAK,TAK,JP
LBJ,LBJ,ID
OHS,OHS,OM
RCA,RAP,US
BBA,BBA,CL
VIX,VIX,BR
LNZ,LNZ,AT
SCO,SCO,KZ
KOI,KOI,GB
CRC,CRC,CO
ZRH,ZRH,CH
SDK,SDK,MY
ZLN,LME,FR
TUG,TUG,PH
SYM,SYM,CN
XHJ,AAH,DE
DNK,DNK,UA
WRG,WRG,US
MDT,HAR,US
SEK,SEK,RU
FLL,FLL,US
LMM,LMM,MX
UNK,UNK,US
SZG,SZG,AT
LKL,LKL,NO
GZO,GZO,SB
BIO,BIO,ES
CFB,CFB,BR
ARM,ARM,AU
FMI,FMI,CD
MCT,MCT,OM
TLK,TLK,RU
ZFZ,BUF,US
SSG,SSG,GQ
JBQ,SDQ,DO
LBU,LBU,MY
ODY,ODY,LA
LUD,LUD,NA
CUK,CUK,BZ
GYA,GYA,BO
CYP,CYP,PH
XJF,BLE,SE
TDD,TDD,BO
YYD,YYD,CA
TDK,TDK,KZ
PND,PND,BZ
XET,FKB,DE
MMK,MMK,RU
PRC,PRC,US
QFZ,SCN,DE
KBU,KBU,ID
BGF,BGF,CF
JAI,JAI,IN
ASB,ASB,TM
CTG,CTG,CO
TLN,TLN,FR
MEC,MEC,EC
QDH,QDH,GB
UAK,UAK,GL
SMA,SMA,PT
INA,INA,RU
GRK,ILE,US
XZL,YEA,CA
FNT,FNT,US
MMJ,MMJ,JP
CPX,CPX,PR
BGC,BGC,PT
POG,POG,GA
ITO,ITO,US
JFR,JFR,GL
BDO,BDO,ID
SAH,SAH,YE
RSH,RSH,US
ELC,ELC,AU
HNH,HNH,US
PKZ,PKZ,LA
EJH,EJH,SA
AIT,AIT,CK
DLE,DLE,FR
CRL,BRU,BE
HGN,HGN,TH
ANV,ANV,US
UUD,UUD,RU
UIB,UIB,CO
CLY,CLY,FR
WRE,WRE,NZ
AUC,AUC,CO
BUQ,BUQ,ZW
MVF,MVF,BR
KGF,KGF,KZ
MLU,MLU,US
TAP,TAP,MX
SUX,SUX,US
ATT,ATT,US
CCF,CCF,FR
CIJ,CIJ,BO
BES,BES,FR
FEN,FEN,BR
NYM,NYM,RU
BTR,BTR,US
RAJ,RAJ,IN
DNH,DNH,CN
KBP,IEV,UA
DIU,DIU,IN
AJI,AJI,TR
ACE,ACE,ES
YYB,YYB,CA
GSP,GSP,US
KLO,KLO,PH
HAN,HAN,VN
YXH,YXH,CA
PNZ,PNZ,BR
YIE,YIE,CN
KKC,KKC,TH
LAO,LAO,PH
YND,YOW,CA
CCK,CCK,CC
YXU,YXU,CA
QJE,QJE,GL
DIE,DIE,MG
KOT,KOT,US
TCQ,TCQ,PE
AFA,AFA,AR
YJE,ALC,ES
HBA,HBA,AU
IZA,JDF,BR
NLI,NLI,RU
SLM,SLM,ES
ZAY,ANR,BE
ALZ,ALZ,US
FMM,FMM,DE
XJV,OSR,CZ
TNG,TNG,MA
XNM,NQT,GB
DUR,DUR,ZA
ZRV,PVD,US
MIR,MIR,TN
EEP,PNA,ES
VAS,VAS,TR
MGH,MGH,ZA
JMK,JMK,GR
MLH,EAP,CH
OKC,OKC,US
HAA,HAA,NO
ELG,ELG,DZ
ZTN,PHL,US
FEC,FEC,BR
TRZ,TRZ,IN
XWG,SXB,FR
YQG,YQG,CA
AUH,AUH,AE
PMV,PMV,VE
LFR,LFR,VE
QPA,QPA,IT
INN,INN,AT
MLA,MLA,MT
DAM,DAM,SY
USR,USR,RU
LSP,LSP,VE
TMC,TMC,ID
FRL,FRL,IT
AGT,AGT,PY
JER,JER,JE
UME,UME,SE
CLO,CLO,CO
TUK,TUK,PK
GDZ,GDZ,RU
PUY,PUY,HR
VTB,VTB,BY
LBE,LBE,US
CLL,CLL,US
QDU,DUS,DE
CWB,CWB,BR
ZYF,FAO,PT
TGO,TGO,CN
KZB,KZB,US
BOC,BOC,PA
KEP,KEP,NP
QFV,BGO,NO
LAQ,LAQ,LY
IGD,IGD,TR
KMS,KMS,GH
QQK,LON,GB
UKX,UKX,RU
JSR,JSR,BD
UIH,UIH,VN
WTB,TWB,AU
SPC,SPC,ES
HVG,HVG,NO
NOP,NOP,TR
TTJ,TTJ,JP
TUI,TUI,SA
GIL,GIL,PK
MEL,MEL,AU
ACI,ACI,GB
GDX,GDX,RU
MRX,MRX,IR
DIR,DIR,ET
AMQ,AMQ,ID
GWT,GWT,DE
VKG,VKG,VN
HER,HER,GR
THR,THR,IR
CMH,CMH,US
LAJ,LAJ,BR
KGD,KGD,RU
FBD,FBD,AF
TZX,TZX,TR
SAF,SAF,US
YUM,YUM,US
EAU,EAU,US
CSX,CSX,CN
KTS,KTS,US
VLC,VLC,ES
GNA,GNA,BY
AJF,AJF,SA
KCO,KCO,TR
MKC,MKC,US
SKZ,SKZ,PK
GMZ,GMZ,ES
AOR,AOR,MY
MOU,MOU,US
GOJ,GOJ,RU
XTT,PAR,FR
CIA,ROM,IT
BPN,BPN,ID
PVD,PVD,US
CLJ,CLJ,RO
MQX,MQX,ET
VVC,VVC,CO
LIS,LIS,PT
ZYA,AMS,NL
ZGG,GLA,GB
BCN,BCN,ES
CDZ,CDZ,ES
HUX,HUX,MX
CTA,CTA,IT
BKL,CLE,US
ORN,ORN,DZ
PER,PER,AU
HRO,HRO,US
PBI,PBI,US
EWB,EWB,US
REN,REN,RU
FAI,FAI,US
ZLP,ZRH,CH
KMG,KMG,CN
BEW,BEW,MZ
GGR,GGR,SO
IAN,IAN,US
BSK,BSK,DZ
DRX,DRS,DE
YXT,YXT,CA
CWA,AUW,US
YBR,YBR,CA
OTZ,OTZ,US
TDX,TDX,TH
XLK,YQB,CA
INT,INT,US
POA,POA,BR
CIU,SSM,US
KOZ,KOZ,US
AKY,AKY,MM
SNU,SNU,CU
DLA,DLA,CM
FVM,FVM,MV
KUL,KUL,MY
GOH,GOH,GL
BEG,BEG,RS
TIN,TIN,DZ
LZC,LZC,MX
RGN,RGN,MM
KRT,KRT,SD
HOG,HOG,CU
IAH,HOU,US
LJG,LJG,CN
DAB,DAB,US
YNB,YNB,SA
BJB,BJB,IR
OVS,OVS,RU
NUS,NUS,VU
KRL,KRL,CN
JTY,JTY,GR
RKD,RKD,US
GFF,GFF,AU
GMB,GMB,ET
PEE,PEE,RU
BRW,BRW,US
PHO,PHO,US
SHX,SHX,US
CCC,CCC,CU
CGI,CGI,US
BIL,BIL,US
FAO,FAO,PT
FIH,FIH,CD
GGT,GGT,BS
AYT,AYT,TR
URC,URC,CN
UST,UST,US
ROR,ROR,PW
HNA,HNA,JP
JIK,JIK,GR
HOU,HOU,US
BUW,BUW,ID
YYF,YYF,CA
HID,HID,AU
RSW,FMY,US
SYO,SYO,JP
ZTH,ZTH,GR
PNT,PNT,CL
YJH,EAS,ES
WAA,WAA,US
SGF,SGF,US
DJJ,DJJ,ID
GAN,GAN,MV
ALA,ALA,KZ
SPS,SPS,US
RJL,RJL,ES
SBY,SBY,US
KDL,KDL,EE
VAM,VAM,MV
OUL,OUL,FI
BDP,BDP,NP
HOF,HOF,SA
ICT,ICT,US
PKN,PKN,ID
ISA,ISA,AU
GLA,GLA,GB
XJN,VLL,ES
KVG,KVG,PG
MWZ,MWZ,TZ
PET,PET,BR
VTE,VTE,LA
GVR,GVR,BR
WMO,WMO,US
MRZ,MRZ,AU
HKT,HKT,TH
EGO,EGO,RU
FEZ,FEZ,MA
RAS,RAS,IR
SPR,SPR,BZ
VNO,VNO,LT
ODN,ODN,MY
LRT,LRT,FR
GRQ,GRQ,NL
BZY,BZY,MD
SKT,SKT,PK
ITU,ITU,RU
BZG,BZG,PL
ROA,ROA,US
EBA,EBA,IT
ZAL,ZAL,CL
DYR,DYR,RU
YRT,YRT,CA
LYR,LYR,SJ
GPS,GPS,EC
LRS,LRS,GR
XRK,MOW,RU
TSA,TPE,TW
DHN,DHN,US
ZFG,DSA,GB
AES,AES,NO
VYI,VYI,RU
JPR,JPR,BR
BHI,BHI,AR
KNO,MES,ID
FAE,FAE,FO
KYY,KRY,CN
XJP,PED,CZ
ENU,ENU,NG
KAW,KAW,MM
FWA,FWA,US
EIS,EIS,VG
HOB,HOB,US
LBD,LBD,TJ
DCA,WAS,US
RMQ,RMQ,TW
LYS,LYS,FR
HEK,HEK,CN
ISH,ISH,IT
ZWC,SVG,NO
STW,STW,RU
CSH,CSH,RU
MRU,MRU,MU
ADW,ADW,US
ZNA,YCD,CA
FLN,FLN,BR
BOI,BOI,US
PQC,PQC,VN
MNS,MNS,ZM
NCL,NCL,GB
BFI,SEA,US
PPN,PPN,CO
SOG,SOG,NO
DBR,DBR,IN
FUN,FUN,TV
AXP,AXP,BS
AJL,AJL,IN
POM,POM,PG
ZWI,ILG,US
YFT,YFT,MO
JJD,JJD,BR
SWA,SWA,CN
SFA,SFA,TN
MAO,MAO,BR
YXC,YXC,CA
UDJ,UDJ,UA
XOP,PIS,FR
XDY,YSB,CA
YWK,YWK,CA
ZHA,ZHA,CN
DJB,DJB,ID
TBZ,TBZ,IR
DOH,DOH,QA
CKB,CKB,US
SXB,SXB,FR
ZQZ,ZQZ,CN
YEG,YEA,CA
DJE,DJE,TN
MRV,MRV,RU
YJI,BIO,ES
UEL,UEL,MZ
GDE,GDE,ET
NLT,NLT,CN
LIH,LIH,US
KHE,KHE,UA
PIB,LUL,US
XHP,PAR,FR
TYL,TYL,PE
HMI,HMI,CN
RGI,RGI,PF
MLM,MLM,MX
JZH,JZH,CN
NRK,NRK,SE
SLL,SLL,OM
WBB,WBB,US
RRO,RRO,IT
PEW,PEW,PK
GUM,GUM,GU
DME,MOW,RU
KPN,KPN,US
DAR,DAR,TZ
BGI,BGI,BB
PGZ,PGZ,BR
NNG,NNG,CN
SJO,SJO,CR
ATK,ATK,US
VLD,VLD,US
FOR,FOR,BR
PHF,PHF,US
NOJ,NOJ,RU
TXL,BER,DE
RAE,RAE,SA
SOJ,SOJ,NO
GDT,GDT,TC
JJM,JJM,KE
YMY,YMQ,CA
LTZ,SUF,IT
JMS,JMS,US
UTS,UTS,RU
RLK,RLK,CN
KOA,KOA,US
ADD,ADD,ET
JCA,CEQ,FR
EUN,EUN,MA
SVC,SVC,US
BTM,BTM,US
WIC,WIC,GB
MRA,MRA,LY
CMN,CAS,MA
RBR,RBR,BR
IRJ,IRJ,AR
DVO,DVO,PH
CGY,CGY,PH
YCL,YCL,CA
PIA,PIA,US
ELM,ELM,US
CAW,CAW,BR
RTM,RTM,NL
UIO,UIO,EC
KYZ,KYZ,RU
CHU,CHU,US
KTL,KTL,KE
SAT,SAT,US
MIG,MIG,CN
YLW,YLW,CA
HZH,HZH,CN
CIX,CIX,PE
IKS,IKS,RU
BUZ,BUZ,IR
CAH,CAH,VN
MCP,MCP,BR
SDQ,SDQ,DO
PUS,PUS,KR
XEC,YQG,CA
ABQ,ABQ,US
KDI,KDI,ID
XYZ,SDL,SE
ZHZ,LEJ,DE
ACX,ACX,CN
EYK,EYK,RU
HSA,HSA,KZ
BWT,BWT,AU
XQE,LON,GB
CVQ,CVQ,AU
BDU,BDU,NO
DWC,DXB,AE
BKI,BKI,MY
PPG,PPG,AS
ROO,ROO,BR
SMI,SMI,GR
BRD,BRD,US
WUS,WUS,CN
BHQ,BHQ,AU
MFM,MFM,MO
MUR,MUR,MY
KBV,KBV,TH
EGE,EGE,US
YUS,YUS,CN
GLT,GLT,AU
XFJ,EKT,SE
BOG,BOG,CO
SEU,SEU,TZ
KAN,KAN,NG
CAL,CAL,GB
BIK,BIK,ID
DTW,DTT,US
LZY,LZY,CN
SIN,SIN,SG
XVQ,VCE,IT
LBV,LBV,GA
NTY,NTY,ZA
GLV,GLV,US
MAD,MAD,ES
DRS,DRS,DE
ZYN,FNI,FR
ADS,DFW,US
TYF,TYF,SE
AUK,AUK,US
QQS,LON,GB
OUD,OUD,MA
CCP,CCP,CL
MJI,TIP,LY
PML,PML,US
ZBC,BHX,GB
KZR,KZR,TR
IWJ,IWJ,JP
CUU,CUU,MX
CGM,CGM,PH
TGC,TGC,MY
XNN,XNN,CN
UTP,UTP,TH
PSC,PSC,US
CAT,CAT,PT
KSM,KSM,US
BKC,BKC,US
RUN,RUN,RE
KSJ,KSJ,GR
GRU,SAO,BR
GGM,GGM,KE
JLR,JLR,IN
ZFJ,RNS,FR
IST,IST,TR
ADQ,ADQ,US
GOV,GOV,AU
JTC,JTC,BR
TRC,TRC,MX
HUS,HUS,US
QRO,QRO,MX
MAS,MAS,PG
CCJ,CCJ,IN
RDM,RDM,US
PGV,PGV,US
SGU,SGU,US
OTP,BUH,RO
MNG,MNG,AU
BKK,BKK,TH
CNJ,CNJ,AU
IQQ,IQQ,CL
SRQ,SRQ,US
ELQ,ELQ,SA
PEZ,PEZ,RU
BOH,BOH,GB
TPY,TRN,IT
MVQ,MVQ,BY
UCT,UCT,RU
PZE,PZE,GB
BAU,BRI,IT
ISP,ISP,US
GCK,GCK,US
VRB,VRB,US
BQK,SSI,US
MMX,MMA,SE
LFM,LFM,IR
PKV,PKV,RU
TEB,TEB,US
BZK,BZK,RU
ZBR,ZBR,IR
HBZ,HAJ,DE
KRO,KRO,RU
BSR,BSR,IQ
JDP,PAR,FR
CKH,CKH,RU
YFO,YFO,CA
RDD,RDD,US
LSW,LSW,ID
NGL,NGL,ZA
CDT,CDT,ES
TSV,TSV,AU
OGU,QOR,TR
XBJ,XBJ,IR
KKJ,KKJ,JP
DMU,DMU,IN
VRN,VRN,IT
ORV,ORV,US
SDG,SDG,IR
LKN,LKN,NO
CEK,CEK,RU
MOT,MOT,US
PES,PES,RU
MEH,MEH,NO
OSY,OSY,NO
TEF,TEF,AU
BFV,BFV,TH
MBS,MBS,US
MED,MED,SA
IEV,IEV,UA
VXE,VXE,CV
NAO,NAO,CN
XUN,SUN,US
GOQ,GOQ,CN
CFK,CFK,DZ
CHS,CHS,US
JOE,JOE,FI
PEN,PEN,MY
EGC,EGC,FR
GIU,GIU,LK
CDV,CDV,US
ZVJ,AUH,AE
VOG,VOG,RU
MAQ,MAQ,TH
MOZ,MOZ,PF
ERH,ERH,MA
JEG,JEG,GL
ILD,ILD,ES
YCG,YCG,CA
TUS,TUS,US
MXX,MXX,SE
ACC,ACC,GH
PLZ,PLZ,ZA
SZZ,SZZ,PL
PHX,PHX,US
AOG,AOG,CN
TYN,TYN,CN
KWT,KWT,US
NTC,NTC,MZ
KGP,KGP,RU
SCK,SAC,US
BEK,BEK,IN
SSA,SSA,BR
IOS,IOS,BR
AAX,AAX,BR
LDE,LDE,FR
FYG,SZX,CN
WLG,WLG,NZ
TVF,TVF,US
STM,STM,BR
FLG,GCN,US
PIH,PIH,US
AER,AER,RU
MQM,MQM,TR
SJT,SJT,US
YJR,VGO,ES
LSI,SDZ,GB
PDA,PDA,CO
AGP,AGP,ES
PPS,PPS,PH
KBR,KBR,MY
KVX,KVX,RU
ESL,ESL,RU
ABX,ABX,AU
PIR,PIR,US
HKK,HKK,NZ
ROS,ROS,AR
ERF,ERF,DE
ORH,ORH,US
IRM,IRM,RU
SHJ,SHJ,AE
GYU,GYU,CN
KSA,KSA,FM
VAR,VAR,BG
TER,TER,PT
KUO,KUO,FI
IUE,IUE,NU
YHD,YHD,CA
BPE,SHP,CN
ZYD,LIS,PT
LDH,LDH,AU
QUO,QUO,NG
MNL,MNL,PH
KSU,KSU,NO
ELS,ELS,ZA
KOV,KOV,KZ
GEO,GEO,GY
BNE,BNE,AU
WGP,WGP,ID
SYY,SYY,GB
TFN,TCI,ES
SUB,SUB,ID
BMA,STO,SE
ZDJ,BRN,CH
XRJ,ROM,IT
MQL,MQL,AU
TMI,TMI,NP
TOY,TOY,JP
AIA,AIA,US
LIO,LIO,CR
KYA,KYA,TR
RIB,RIB,BO
ESC,ESC,US
BHE,BHE,NZ
DNZ,DNZ,TR
FDF,FDF,MQ
QXG,ANE,FR
SVD,SVD,VC
LKO,LKO,IN
ADZ,ADZ,CO
BDB,BDB,AU
HGO,HGO,CI
XYQ,AGH,SE
CYI,CYI,TW
AQP,AQP,PE
ANI,ANI,US
BVE,BVE,FR
GFN,GFN,AU
AGH,AGH,SE
SXM,SXM,SX
HEC,HEL,FI
SAP,SAP,HN
INL,INL,US
YXS,YXS,CA
TIZ,TIZ,PG
VHV,VHV,RU
PUJ,PUJ,DO
NYT,NYT,MM
PVR,PVR,MX
PLU,BHZ,BR
RPR,RPR,IN
HOM,HOM,US
KHI,KHI,PK
TSN,TSN,CN
YOW,YOW,CA
VSA,VSA,MX
BLE,BLE,SE
ROK,ROK,AU
FKL,FKL,US
TLV,TLV,IL
ZRD,RIC,US
VVI,SRZ,BO
SZB,KUL,MY
JGD,JGD,CN
SUV,SUV,FJ
XXQ,BUD,HU
PBH,PBH,BT
LUM,LUM,CN
CJM,CJM,TH
YMO,YMO,CA
NSY,NSY,IT
XHQ,XHQ,TR
ZJO,SJC,US
SBA,SBA,US
SQJ,SQJ,CN
PRG,PRG,CZ
QOW,QOW,NG
ONS,ONS,AU
TRR,TRR,LK
GDQ,GDQ,ET
DRW,DRW,AU
HIJ,HIJ,JP
KHN,KHN,CN
FRE,FRE,SB
DTM,DTM,DE
QJZ,NTE,FR
MXZ,MXZ,CN
ZQN,ZQN,NZ
SLI,SLI,ZM
RMA,RMA,AU
XAX,YMQ,CA
PZU,PZU,SD
LWN,LWN,AM
NYO,STO,SE
TME,TME,CO
YBZ,YTO,CA
YHM,YTO,CA
KYN,KYN,GB
YTY,YTY,CN
HBE,ALY,EG
ORF,ORF,US
KGC,KGC,AU
DMD,DMD,AU
CHX,CHX,PA
SGX,SGX,TZ
IAG,IAG,US
QSG,SGD,DK
RNO,RNO,US
YIP,DTT,US
FDH,FDH,DE
PDK,ATL,US
YQU,YQU,CA
REU,REU,ES
UIP,UIP,FR
VAV,VAV,TO
EDO,EDO,TR
HFT,HFT,NO
ECP,ECP,US
QDK,CHA,US
FUG,FUG,CN
TIU,TIU,NZ
XFY,YQB,CA
MZO,MZO,CU
ODO,ODO,RU
BTV,BTV,US
WNA,WNA,US
TVC,TVC,US
KRK,KRK,PL
KCK,KCK,RU
AUQ,AUQ,PF
WJR,WJR,KE
ZVR,HAJ,DE
MYW,MYW,TZ
ITT,TRN,IT
MGM,MGM,US
ILY,ILY,GB
XWK,RNB,SE
QWM,DEN,US
GOU,GOU,CM
OXB,OXB,GW
VRC,VRC,PH
RKS,RKS,US
EPA,EPA,AR
PVH,PVH,BR
PAG,PAG,PH
CZM,CZM,MX
ARU,ARU,BR
JGA,JGA,IN
QWC,BER,DE
AMH,AMH,ET
KAE,KAE,US
CMW,CMW,CU
RRG,RRG,MU
DBO,DBO,AU
MYD,MYD,KE
KLB,KLB,ZM
UAM,GUM,GU
ESM,ESM,EC
SVQ,SVQ,ES
YYQ,YYQ,CA
LIF,LIF,NC
RUT,RUT,US
INB,INB,BZ
AJR,AJR,SE
PDL,PDL,PT
KKI,KKI,US
PMF,PMF,IT
AGB,MUC,DE
SOF,SOF,BG
BNA,BNA,US
XWW,VIE,AT
VGA,VGA,IN
CKS,CKS,BR
KXK,KXK,RU
EUG,EUG,US
GAM,GAM,US
NRN,DUS,DE
SJE,SJE,CO
MPH,MPH,PH
MLX,MLX,TR
CMF,CMF,FR
NAH,NAH,ID
DBV,DBV,HR
BRE,BRE,DE
XOJ,ODB,ES
KUA,KUA,MY
BKQ,BKQ,AU
HYA,HYA,US
NAT,NAT,BR
XFF,CQF,FR
IXZ,IXZ,IN
ATZ,ATZ,EG
SJD,SJD,MX
PLX,PLX,KZ
DKR,DKR,SN
WNP,WNP,PH
KKE,KKE,NZ
OMD,OMD,NA
ZWP,PBI,US
LGG,LGG,BE
ZXE,EDI,GB
TIM,TIM,ID
YXJ,YXJ,CA
IKU,IKU,KG
HGA,HGA,SO
BPS,BPS,BR
XOF,LON,GB
TVU,TVU,FJ
MTR,MTR,CO
QJI,QJI,GL
WNN,WNN,CA
OLP,OLP,AU
HSV,HSV,US
QQM,MAN,GB
ZRJ,ZRJ,CA
PRN,PRN,XK
MKM,MKM,MY
ISB,ISB,PK
SHW,SHW,SA
CYB,CYB,KY
ZFY,KTW,PL
OZG,OZG,MA
RNJ,RNJ,JP
ZJH,AAR,DK
BHM,BHM,US
RBY,RBY,US
GER,GER,CU
XNB,DXB,AE
INP,NAP,IT
KOJ,KOJ,JP
QUP,QUP,GL
LCG,LCG,ES
YTS,YTS,CA
KUD,KUD,MY
XIY,SIA,CN
TXG,TXG,TW
SWV,SWV,RU
HOX,HOX,MM
DJG,DJG,DZ
BNK,BNK,AU
QBF,EGE,US
RHD,RHD,AR
CDB,CDB,US
ADU,ADU,IR
RIC,RIC,US
KLV,KLV,CZ
RCC,REG,IT
BHU,BHU,IN
JAE,CIX,PE
CFE,CFE,FR
IPL,IPL,US
GLF,GLF,CR
YMX,YMQ,CA
YNT,YNT,CN
AKN,AKN,US
OMR,OMR,RO
FLS,FLS,AU
YVO,YVO,CA
SJC,SJC,US
OKJ,OKJ,JP
KRN,KRN,SE
DDD,DDD,MV
JRO,JRO,TZ
BRQ,BRQ,CZ
SCN,SCN,DE
LYA,LYA,CN
JEM,JEM,US
SGC,SGC,RU
JHW,JHW,US
MXP,MIL,IT
NAS,NAS,BS
DFW,DFW,US
VSE,VSE,PT
DQA,DQA,CN
HFA,HFA,IL
XDS,YOW,CA
DBQ,DBQ,US
SHV,SHV,US
PKX,BJS,CN
CEC,CEC,US
ULN,ULN,MN
SUY,SUY,RU
KKR,KKR,PF
TXK,TXK,US
BDJ,BDJ,ID
MCZ,MCZ,BR
HLZ,HLZ,NZ
IXJ,IXJ,IN
CGD,CGD,CN
ORL,ORL,US
AEY,AEY,IS
FPO,FPO,BS
BOB,BOB,PF
ZSB,SZG,AT
SVJ,SVJ,NO
XWL,GOT,SE
SLY,SLY,RU
CXR,NHA,VN
OSD,OSD,SE
ZFC,LBA,GB
PTU,PTU,US
ROV,ROV,RU
LAP,LAP,MX
SYS,SYS,RU
BNJ,CGN,DE
MWA,MWA,US
BVB,BVB,BR
OMO,OMO,BA
BJF,BJF,NO
BSD,BSD,CN
BQN,BQN,PR
YFB,YFB,CA
LAS,LAS,US
XUZ,XUZ,CN
JNB,JNB,ZA
GSM,GSM,IR
BHD,BFS,GB
NGS,NGS,JP
HOV,HOV,NO
KMQ,KMQ,JP
GNS,GNS,ID
ANX,ANX,NO
WUH,WUH,CN
DZA,DZA,YT
TOJ,MAD,ES
ZRL,LNS,US
SDR,SDR,ES
SMK,SMK,US
SNC,SNC,EC
MYT,MYT,MM
MBT,MBT,PH
PHC,PHC,NG
LOK,LOK,KE
FOD,FOD,US
HOR,HOR,PT
EFL,EFL,GR
SBZ,SBZ,RO
MBL,MBL,US
MSY,MSY,US
PAV,PAV,BR
BJA,BJA,DZ
ONO,ONO,US
PIK,GLA,GB
PEM,PEM,PE
CPC,CPC,AR
RAH,RAH,SA
AMA,AMA,US
XRY,XRY,ES
VAK,VAK,US
ZPE,FMO,DE
GUR,GUR,PG
ONT,ONT,US
LYI,LYI,CN
KDV,KDV,FJ
MCE,MCE,US
LSE,LSE,US
AAT,AAT,CN
ENE,ENE,ID
YZT,YZT,CA
SZA,SZA,AO
THS,THS,TH
TUP,TUP,US
OUA,OUA,BF
AGS,AGS,US
MTT,MTT,MX
UIN,UIN,US
HTA,HTA,RU
MAH,MAH,ES
DGT,DGT,PH
YQM,YQM,CA
EGS,EGS,IS
VER,VER,MX
YGW,YGW,CA
PNS,PNS,US
FLO,FLO,US
YPX,YPX,CA
DYU,DYU,TJ
PVB,PDP,UY
SLZ,SLZ,BR
DUD,DUD,NZ
EAS,EAS,ES
ZSV,STL,US
RNS,RNS,FR
JCU,JCU,ES
LLA,LLA,SE
PLJ,PLJ,BZ
JIB,JIB,DJ
DRT,DRT,US
YNY,YNY,KR
IGA,IGA,BS
LEA,LEA,AU
BSO,BSO,PH
THE,THE,BR
JUZ,JUZ,CN
CBR,CBR,AU
DEC,DEC,US
XGE,YOW,CA
SZE,SZE,ET
SCQ,SCQ,ES
GRX,GRX,ES
LSC,LSC,CL
SBW,SBW,MY
KUT,KUT,GE
NGU,ORF,US
CPH,CPH,DK
DOM,DOM,DM
SIS,SIS,ZA
CBQ,CBQ,NG
INI,INI,RS
TOS,TOS,NO
SMQ,SMQ,ID
FCM,MSP,US
QYU,GVX,SE
ZNE,ZNE,AU
PRM,PRM,PT
BSB,BSB,BR
WMX,WMX,ID
SKB,SKB,KN
TST,TST,TH
GAY,GAY,IN
DIK,DIK,US
HPB,HPB,US
XJB,BCN,ES
KTW,KTW,PL
EEM,ABC,ES
PSP,PSP,US
EBJ,EBJ,DK
VGD,VGD,RU
RSD,RSD,BS
KZS,KZS,GR
TXN,TXN,CN
YAP,YAP,FM
BMI,BMI,US
NKC,NKC,MR
BYO,BYO,BR
HAU,HAU,NO
PGF,PGF,FR
PNR,PNR,CG
SNO,SNO,TH
LIW,LIW,MM
GBT,GBT,IR
PLN,PLN,US
AHU,AHU,MA
YWL,YWL,CA
SXP,SXP,US
KZO,KZO,KZ
BGY,MIL,IT
MAM,MAM,MX
QRY,QRY,GL
MGW,MGW,US
ZNZ,ZNZ,TZ
ACT,ACT,US
CHY,CHY,SB
CZX,CZX,CN
RXS,RXS,PH
YNS,YNS,CA
TET,TET,MZ
XDW,YPR,CA
PSG,PSG,US
STR,STR,DE
ACA,ACA,MX
CVM,CVM,MX
BKO,BKO,ML
CYO,CYO,CU
XZM,MFM,MO
ZLY,ALB,US
URT,URT,TH
SVL,SVL,FI
AKU,AKU,CN
CVG,CVG,US
IRR,ROM,IT
KGI,KGI,AU
HEV,HEV,ES
DAX,DAX,CN
PIU,PIU,PE
IAA,IAA,RU
ZDU,DND,GB
GNB,LYS,FR
XZO,OSL,NO
UGC,UGC,UZ
MYP,MYP,TM
KMW,KMW,RU
AYQ,AYQ,AU
MCO,ORL,US
LKY,LKY,TZ
MCX,MCX,RU
YZR,YZR,CA
HTS,HTS,US
SWQ,SWQ,ID
YYG,YYG,CA
CJA,CJA,PE
BFS,BFS,GB
KUH,KUH,JP
WAW,WAW,PL
MEI,MEI,US
BDQ,BDQ,IN
CFR,CFR,FR
NOU,NOU,NC
MSL,MSL,US
BGG,BGG,TR
PNP,PNP,PG
KAL,KAL,US
WJU,WJU,KR
XJK,PLQ,LT
NAL,NAL,RU
PBC,PBC,MX
ZUN,CHI,US
AMS,AMS,NL
VBS,VRN,IT
LFT,LFT,US
ZBF,ZBF,CA
AKL,AKL,NZ
WEI,WEI,AU
YCU,YCU,CN
OWB,OWB,US
HMB,HMB,EG
TLY,TLY,RU
YBG,YBG,CA
SHG,SHG,US
TEE,TEE,DZ
XRE,XRE,GB
AYP,AYP,PE
TWU,TWU,MY
LEC,LEC,BR
SQG,SQG,ID
ERZ,ERZ,TR
HJJ,HJJ,CN
MMU,MMU,US
YMN,YMN,CA
YTM,YTM,CA
SLP,SLP,MX
XWC,VIE,AT
XHX,ADL,AU
VOZ,VOZ,RU
UFA,UFA,RU
RSU,RSU,KR
XXJ,BUD,HU
TGK,TGK,RU
WDH,WDH,NA
PWE,PWE,RU
PPQ,PPQ,NZ
AOH,AOH,US
OLF,OLF,US
DAU,DAU,PG
TBN,TBN,US
XLM,YMQ,CA
IND,IND,US
TRO,TRO,AU
SKP,SKP,MK
ZBU,AAR,DK
WAE,WAE,SA
BWN,BWN,BN
CYF,CYF,US
TRU,TRU,PE
XMN,XMN,CN
NBS,NBS,CN
HDM,HDM,IR
PSO,PSO,CO
XPJ,MPL,FR
ALC,ALC,ES
IXB,IXB,IN
KLF,KLF,RU
BZE,BZE,BZ
DGA,DGA,BZ
DKS,DKS,RU
TAT,TAT,SK
KJI,KJI,CN
HPN,HPN,US
THN,THN,SE
NUI,NUI,US
DAD,DAD,VN
KIH,KIH,IR
TQL,TQL,RU
RNN,RNN,DK
NCU,NCU,UZ
HJR,HJR,IN
CCR,CCR,US
ROW,ROW,US
IQN,IQN,CN
LEI,LEI,ES
AUR,AUR,FR
PDS,PDS,MX
VAN,VAN,TR
ARI,ARI,CL
LLK,LLK,AZ
ABT,ABT,SA
LAR,LAR,US
XWR,ORB,SE
PNY,PNY,IN
KAC,KAC,SY
REL,REL,AR
LHE,LHE,PK
ASU,ASU,PY
KHG,KHG,CN
GDV,GDV,US
LPX,LPX,LV
AJU,AJU,BR
MLG,MLG,ID
MZL,MZL,CO
KAA,KAA,ZM
TAE,TAE,KR
CNP,CNP,GL
EZE,BUE,AR
SDL,SDL,SE
KLU,KLU,AT
BTU,BTU,MY
RGL,RGL,AR
IGU,IGU,BR
OGS,OGS,US
HIR,HIR,SB
ZIX,ZIX,RU
CAI,CAI,EG
CRI,CRI,BS
GEG,GEG,US
ORY,PAR,FR
DIG,DIG,CN
ZLQ,ZRH,CH
AXD,AXD,GR
LUR,LUR,US
PEK,BJS,CN
APF,APF,US
LRR,LRR,IR
HRG,HRG,EG
SNA,SNA,US
SCE,SCE,US
TRE,TRE,GB
KSO,KSO,GR
NAG,NAG,IN
AOK,AOK,GR
LGQ,LGQ,EC
HMA,HMA,RU
SNN,SNN,IE
MQJ,MQJ,RU
BRS,BRS,GB
LRE,LRE,AU
XUT,MJV,ES
PDP,PDP,UY
QBC,QBC,CA
CAZ,CAZ,AU
ASE,ASE,US
KAO,KAO,FI
AEX,AEX,US
EBL,EBL,IQ
XGB,PAR,FR
HNS,HNS,US
VLL,VLL,ES
XXO,XXO,SE
YTZ,YTO,CA
ERC,ERC,TR
EDL,EDL,KE
DIW,DIW,LK
KLG,KLG,US
KTA,KTA,AU
GRW,GRW,PT
CTC,CTC,AR
BPX,BPX,CN
ZVE,HVN,US
MXL,MXL,MX
IJK,IJK,RU
IRT,ROM,IT
GEN,GEN,ES
AXL,AXL,AU
ARN,STO,SE
YJV,VLC,ES
YGK,YGK,CA
RZH,RZH,RU
AVB,AVB,IT
AVL,AVL,US
VGO,VGO,ES
BVG,BVG,NO
IDR,IDR,IN
YNZ,YNZ,CN
MNI,MNI,MS
FKQ,FKQ,ID
OZL,OZL,ES
ANE,ANE,FR
PNA,PNA,ES
ABJ,ABJ,CI
JRH,JRH,IN
OER,OER,SE
HHN,FRA,DE
RKV,REK,IS
LNS,LNS,US
AXT,AXT,JP
VVZ,VVZ,DZ
TKQ,TKQ,TZ
PFO,PFO,CY
NAA,NAA,AU
LCH,LCH,US
XTP,TMP,FI
AGU,AGU,MX
UPG,UPG,ID
KNU,KNU,IN
WYS,WYS,US
BYG,BYG,US
IBE,IBE,CO
ACH,ACH,CH
XFN,XFN,CN
CNF,BHZ,BR
PCR,PCR,CO
TFS,TCI,ES
YQY,YQY,CA
SEA,SEA,US
BOS,BOS,US
NNT,NNT,TH
ZXA,ABZ,GB
GOM,GOM,CD
EVE,EVE,NO
KNS,KNS,AU
KWK,KWK,US
HDF,HDF,DE
TIH,TIH,PF
KVD,KVD,AZ
RCB,RCB,ZA
LOO,LOO,DZ
BUN,BUN,CO
UKB,OSA,JP
SZK,SZK,ZA
NLD,NLD,MX
BVA,PAR,FR
KWI,KWI,KW
MAR,MAR,VE
XJJ,ABC,ES
THD,THD,VN
AOJ,AOJ,JP
SKK,SKK,US
EJA,EJA,CO
FOC,FOC,CN
TUF,TUF,FR
LRH,LRH,FR
KDH,KDH,AF
NZH,NZH,CN
BIR,BIR,NP
MVD,MVD,UY
IQT,IQT,PE
SCC,SCC,US
NTB,NTB,NO
BTI,BTI,US
BTH,BTH,ID
IVC,IVC,NZ
YPR,YPR,CA
GDL,GDL,MX
SHE,SHE,CN
XAP,XAP,BR
CND,CND,RO
FEG,FEG,UZ
DAL,DFW,US
USA,USA,US
LIL,LIL,FR
AOI,AOI,IT
KGL,KGL,RW
UVE,UVE,NC
JKR,JKR,NP
CJU,CJU,KR
TRK,TRK,ID
TAM,TAM,MX
IXL,IXL,IN
HTG,HTG,RU
SDP,SDP,US
JAV,JAV,GL
YVR,YVR,CA
PKE,PKE,AU
VAI,VAI,PG
JTR,JTR,GR
NRT,TYO,JP
CHG,CHG,CN
HLD,HLD,CN
YJD,BCN,ES
HUZ,HUZ,CN
BEY,BEY,LB
ZDN,BRQ,CZ
PQM,PQM,MX
ERI,ERI,US
UBJ,UBJ,JP
GDN,GDN,PL
NTL,NTL,AU
YYJ,YYJ,CA
WLS,WLS,WF
YYY,YYY,CA
OSL,OSL,NO
PWQ,PWQ,KZ
IIL,IIL,IR
WNH,WNH,CN
PQS,PQS,US
GST,GST,US
LCA,LCA,CY
FLW,FLW,PT
JNG,JNG,CN
SFO,SFO,US
TLE,TLE,MG
LGP,LGP,PH
JNU,JNU,US
SVA,SVA,US
CIT,CIT,KZ
YXL,YXL,CA
ZLK,LED,RU
HAS,HAS,SA
MWX,MWX,KR
ALO,ALO,US
MZH,MZH,TR
PYJ,PYJ,RU
BEJ,BEJ,ID
HEA,HEA,AF
XDP,YQM,CA
MCV,MCV,AU
CRD,CRD,AR
KMJ,KMJ,JP
PSR,PSR,IT
OOK,OOK,US
DAT,DAT,CN
LGI,LGI,BS
ONK,ONK,RU
IBZ,IBZ,ES
PED,PED,CZ
HNM,HNM,US
SLW,SLW,MX
HDG,HDG,CN
AGC,PIT,US
OBO,OBO,JP
PTP,PTP,GP
MFK,MFK,TW
STS,STS,US
NNM,NNM,RU
FRW,FRW,BW
XTI,MAD,ES
ELH,ELH,BS
ADB,IZM,TR
LPI,LPI,SE
PEG,PEG,IT
ASW,ASW,EG
YXP,YXP,CA
PVK,PVK,GR
UET,UET,PK
AGA,AGA,MA
SIT,SIT,US
LZO,LZO,CN
MZG,MZG,TW
TXE,TXE,ID
XLQ,YTO,CA
DPS,DPS,ID
XHG,YOW,CA
GUA,GUA,GT
SXZ,SXZ,TR
MDC,MDC,ID
ZKP,ZKP,RU
RVD,RVD,BR
SUN,SUN,US
RFD,CHI,US
RGA,RGA,AR
VDS,VDS,NO
KOW,KOW,CN
RAO,RAO,BR
SBH,SBH,GP
YCO,YCO,CA
FNJ,FNJ,KP
GNV,GNV,US
NGB,NGB,CN
TBO,TBO,TZ
KTE,KTE,MY
XXZ,SDL,SE
EVN,EVN,AM
XHN,LGG,BE
QYI,QYI,NL
WEF,WEF,CN
YIN,YIN,CN
JHB,JHB,MY
MUB,MUB,BW
IWK,IWK,JP
MRS,MRS,FR
NUX,NUX,RU
IXS,IXS,IN
MGQ,MGQ,SO
KVL,KVL,US
CSY,CSY,RU
MVE,MVE,US
TGD,TGD,ME
NVT,NVT,BR
KOK,KOK,FI
TJU,TJU,TJ
CNN,CNN,IN
TKS,TKS,JP
ILP,ILP,NC
SHD,SHD,US
SOQ,SOQ,ID
PGD,PGD,US
SSH,SSH,EG
PZI,PZI,CN
VKT,VKT,RU
WBM,WBM,PG
LHR,LON,GB
AZA,PHX,US
KHH,KHH,TW
ISN,ISN,US
BLB,BLB,PA
GPA,GPA,GR
IGG,IGG,US
LPK,LPK,RU
TOH,TOH,VU
BBN,BBN,MY
BTC,BTC,LK
IEG,IEG,PL
CTS,SPK,JP
KWA,KWA,MH
AQI,AQI,SA
SNW,SNW,MM
BER,BER,DE
TYD,TYD,RU
KUV,KUV,KR
KRW,KRW,TM
TUN,TUN,TN
QRH,RTM,NL
YQT,YQT,CA
RVK,RVK,NO
TXF,TXF,BR
BLA,BLA,VE
SWO,SWO,US
LXS,LXS,GR
GPI,GPI,CO
MQF,MQF,RU
GOI,GOI,IN
CCS,CCS,VE
XDG,YHZ,CA
YDT,YVR,CA
TLL,TLL,EE
NEW,MSY,US
QQU,LON,GB
WEH,WEH,CN
YOL,YOL,NG
BJX,BJX,MX
ZXZ,DXB,AE
CTM,CTM,MX
RGS,RGS,ES
SUJ,SUJ,RO
JPA,JPA,BR
HYN,HYN,CN
GCC,GCC,US
KHV,KHV,RU
NAY,BJS,CN
DPT,DPT,RU
CDG,PAR,FR
RMU,RMU,ES
HDN,HDN,US
SMF,SAC,US
HYG,HYG,US
AMD,AMD,IN
PXU,PXU,VN
LPT,LPT,TH
USU,USU,PH
RJH,RJH,BD
IFN,IFN,IR
KIS,KIS,KE
NLK,NLK,NF
CWC,CWC,UA
YSB,YSB,CA
XZN,AVN,FR
ANU,ANU,AG
PFB,PFB,BR
OMS,OMS,RU
ILO,ILO,PH
TSJ,TSJ,JP
VLI,VLI,VU
TSR,TSR,RO
NSN,NSN,NZ
FRU,FRU,KG
CXB,CXB,BD
HKG,HKG,HK
IOA,IOA,GR
BFN,BFN,ZA
PAS,PAS,GR
CTL,CTL,AU
ZKD,MOW,RU
BPT,BPT,US
MOL,MOL,NO
PMI,PMI,ES
EKO,EKO,US
YZY,YZY,CN
AAQ,AAQ,RU
CTU,CTU,CN
TIR,TIR,IN
KPW,KPW,RU
LCX,LCX,CN
MPN,MPN,FK
STX,,
JUI,,
XFW,,
LGE,,
FRI,,
CHW,,
MKY,,
HTH,,
MLQ,,
BRN,,
DMM,,
XCN,,
CIL,,
TUO,,
APW,,
ISJ,,
OKI,,
SGW,,
AVO,,
LUI,,
ADF,,
NTU,,
BUS,,
YOT,,
CDP,,
NUR,,
YYU,,
DXD,,
NNB,,
SSD,,
ELF,,
FCT,,
AKS,,
OWK,,
YAE,,
KKY,,
ODJ,,
MYX,,
RUK,,
LDS,,
MRE,,
LKC,,
BNL,,
YPS,,
TEI,,
KXE,,
MTZ,,
AIU,,
JUN,,
VXC,,
PPR,,
MDV,,
MQT,,
NJA,,
TMA,,
BAI,,
KBS,,
SWN,,
TAI,,
SOC,,
COA,,
EYP,,
TAV,,
VCS,,
YJT,,
CZK,,
GRJ,,
INZ,,
XYG,,
BWA,,
SXV,,
NDJ,,
MID,,
LPC,,
BRR,,
HRK,,
LFN,,
AND,,
QMK,,
CUL,,
ZYL,,
AHO,,
MGD,,
BVV,,
VUP,,
RLU,,
FAV,,
OPA,,
LZU,,
SFG,,
PLM,,
ZGJ,,
KDO,,
NHS,,
GWD,,
IUL,,
NDA,,
LRM,,
SIK,,
YBI,,
QGN,,
TRG,,
FTK,,
SJQ,,
IXE,,
FLY,,
HIT,,
XOU,,
SBU,,
BUP,,
BET,,
LIA,,
CQF,,
PTV,,
BEV,,
AGZ,,
TOV,,
NKV,,
BOP,,
BSJ,,
DIJ,,
WGT,,
HAH,,
OLV,,
YQQ,,
SMC,,
PNQ,,
INH,,
CDN,,
MNU,,
TEU,,
ROC,,
XXK,,
YQX,,
CVS,,
NAB,,
YQF,,
RSG,,
MHR,,
HAZ,,
OTY,,
LYH,,
OLR,,
JIJ,,
JIP,,
PHL,,
LIG,,
LEU,,
TLR,,
MUT,,
XNA,,
KEX,,
LEJ,,
JFK,,
DKI,,
TMJ,,
MFT,,
TGG,,
RNI,,
AKH,,
PPO,,
TJB,,
KLT,,
URM,,
PGH,,
UGS,,
LKB,,
MVY,,
DES,,
RJK,,
PTK,,
SDN,,
RTL,,
CNT,,
LCZ,,
YKT,,
BWX,,
BMW,,
INQ,,
LAL,,
WDG,,
CCZ,,
LDO,,
RMS,,
FUK,,
BAY,,
RXA,,
ZCO,,
DEL,,
YKS,,
XXY,,
NAX,,
HTN,,
URU,,
XEU,,
OYE,,
SOU,,
UKR,,
OVE,,
ALW,,
EKS,,
GAG,,
EPN,,
SPY,,
AUY,,
PUK,,
GLZ,,
FAJ,,
SWY,,
LRU,,
BPM,,
GWE,,
YSI,,
ENB,,
XHH,,
SZV,,
FIV,,
TNB,,
YZZ,,
KLQ,,
HEM,,
JSY,,
HRR,,
BMP,,
MDK,,
SYN,,
ZWB,,
CIC,,
KUS,,
OZP,,
CPF,,
FST,,
GEY,,
FLB,,
ARD,,
POQ,,
MBO,,
RCS,,
MEX,,
DSI,,
AKJ,,
TOO,,
KLS,,
EUC,,
HDS,,
PLI,,
TID,,
YMG,,
XUG,,
XYB,,
VST,,
KIX,,
RHI,,
CAC,,
JAP,,
AGD,,
WUV,,
AJN,,
IPC,,
ULU,,
UAL,,
PCN,,
HBH,,
ZHL,,
YQC,,
CAD,,
RAG,,
DSS,,
KIM,,
LIY,,
ERL,,
JIA,,
WSD,,
RTE,,
CBT,,
OLO,,
RCL,,
POJ,,
SXK,,
IMT,,
TYS,,
IGR,,
UBI,,
WKJ,,
YHO,,
GDC,,
OAJ,,
DYM,,
TOQ,,
KSN,,
GRR,,
SND,,
BLX,,
PEX,,
GZA,,
INX,,
CRW,,
PGU,,
MYM,,
SXU,,
KAX,,
PXO,,
TWP,,
BME,,
OPF,,
LAK,,
OSH,,
GRC,,
JLN,,
HTB,,
KNX,,
YDP,,
KXR,,
NLA,,
YIK,,
CEN,,
ASF,,
OHD,,
BAV,,
PFN,,
VDE,,
KIL,,
THQ,,
XQA,,
XDQ,,
RDZ,,
WWK,,
FDE,,
JCD,,
PAQ,,
VHY,,
TQS,,
KUK,,
SJP,,
JSP,,
NCY,,
UES,,
SWX,,
KIK,,
LDN,,
DSV,,
PID,,
OXF,,
RMD,,
LTA,,
NUG,,
RDU,,
BDG,,
RRN,,
UKK,,
FAM,,
EIN,,
BRF,,
GLB,,
MQR,,
DMK,,
WVN,,
AXU,,
OIR,,
YGJ,,
ARR,,
BMX,,
KRQ,,
BYK,,
NBL,,
ZFU,,
CJH,,
PJM,,
PSD,,
LLM,,
MAG,,
FLI,,
STY,,
XZT,,
GUL,,
MBW,,
YED,,
RKW,,
FLV,,
MAJ,,
YDA,,
ZFA,,
TAH,,
BXJ,,
EDA,,
HEO,,
PMZ,,
BIY,,
REP,,
BAL,,
CGO,,
VNA,,
OLZ,,
LWL,,
ZZN,,
SZY,,
TCD,,
TNE,,
BEA,,
BNI,,
GIR,,
HDH,,
GDJ,,
XZI,,
ZRU,,
WTT,,
BSX,,
JNP,,
SMU,,
CKG,,
BFD,,
ZGN,,
OAX,,
UTD,,
CNA,,
ZZU,,
SIH,,
YHI,,
YTT,,
BUJ,,
CED,,
WHT,,
MGF,,
WGU,,
FRH,,
DPG,,
YQN,,
MHG,,
PRV,,
SYH,,
AIW,,
YGL,,
UMS,,
HHQ,,
KMB,,
NIK,,
VOD,,
IMF,,
NAP,,
PNV,,
EDB,,
EDG,,
MDG,,
SGN,,
CCL,,
YNL,,
YEI,,
GOP,,
KAJ,,
UCN,,
JDA,,
IXH,,
EUX,,
JQF,,
ICR,,
EGM,,
DWB,,
TLI,,
KOG,,
ERA,,
KWE,,
ORX,,
AOA,,
CBI,,
NLP,,
MPI,,
TDR,,
JKG,,
BQT,,
NMP,,
MKG,,
YYE,,
FRS,,
SJU,,
GSV,,
HAV,,
ICA,,
GYD,,
IXP,,
KDE,,
SVG,,
WHP,,
MVC,,
NIS,,
ISI,,
YDU,,
BSE,,
EBS,,
MSV,,
SFD,,
STG,,
TEQ,,
PMQ,,
SRJ,,
YFJ,,
TFR,,
ERM,,
WMH,,
JSA,,
SAL,,
QWB,,
KHT,,
KRP,,
CHV,,
UPL,,
FGI,,
SJX,,
HSI,,
IHO,,
CGK,,
HMO,,
MOC,,
AFW,,
HAY,,
LWB,,
TGM,,
ART,,
MMH,,
KTH,,
XLB,,
ESB,,
TPN,,
PUZ,,
TIL,,
RRR,,
ZAA,,
SHN,,
OTO,,
CRV,,
OCH,,
RJI,,
LKP,,
DDG,,
GSO,,
RFA,,
JAR,,
PTJ,,
LKA,,
QEW,,
KAI,,
CLP,,
YMK,,
HNX,,
VCH,,
EMS,,
JOM,,
KYX,,
GUN,,
BCT,,
SLH,,
TWF,,
NDB,,
LOM,,
WPM,,
TGZ,,
NMB,,
TSH,,
BOE,,
HWK,,
RCO,,
CUM,,
GEI,,
UNA,,
ZYE,,
CCW,,
LWO,,
NVI,,
FDY,,
AXR,,
KZD,,
SDI,,
ESN,,
MMN,,
LMI,,
GXY,,
MSD,,
LRO,,
HRM,,
BLR,,
AHS,,
SUD,,
TLS,,
LFK,,
PTM,,
CDC,,
GAO,,
XVU,,
PVY,,
LGU,,
OOM,,
SCI,,
CKL,,
MNC,,
VAP,,
ANF,,
KRR,,
NUT,,
KNA,,
PIV,,
JAF,,
HUU,,
BIX,,
TLG,,
MCG,,
IZT,,
LPD,,
LTP,,
WOL,,
LGW,,
JKV,,
WBD,,
TVY,,
ALM,,
DUA,,
STH,,
MMQ,,
PZK,,
CKA,,
NYA,,
PKP,,
MZK,,
CDU,,
DBT,,
SCZ,,
EOH,,
FAZ,,
ARY,,
SYD,,
HUC,,
YGS,,
KYO,,
BCK,,
BEN,,
FAS,,
IDN,,
VNR,,
BMC,,
NUP,,
YXD,,
BVY,,
AFR,,
MAA,,
RVS,,
PIX,,
PKT,,
ERS,,
YTH,,
NYR,,
ZSA,,
MRC,,
PRK,,
DMN,,
YZF,,
HBG,,
PXR,,
TUY,,
JOP,,
MXN,,
HOO,,
MZP,,
UUA,,
CXI,,
XDZ,,
PFL,,
BXI,,
AGI,,
PPM,,
ZDH,,
YCB,,
ELA,,
TMW,,
GJA,,
ZER,,
UMD,,
DNN,,
VDP,,
NBP,,
TAW,,
YAX,,
DOO,,
QKL,,
HAQ,,
UDD,,
CAE,,
OIL,,
BGW,,
OZC,,
YFC,,
HOP,,
MZT,,
APV,,
ZLZ,,
ONM,,
NUB,,
MUD,,
MVP,,
SFL,,
PYL,,
SFK,,
KDT,,
SCL,,
CDO,,
BHC,,
RAI,,
WSM,,
SRB,,
SYZ,,
YIF,,
MUJ,,
MHS,,
MLP,,
HSS,,
GPO,,
YNJ,,
SED,,
BCV,,
SXG,,
XJC,,
LGA,,
MSO,,
EVM,,
IMA,,
TBI,,
LOE,,
KWP,,
JDT,,
PAD,,
MYF,,
ADA,,
ARS,,
FSP,,
MTH,,
APR,,
RSA,,
EKX,,
CGG,,
CMO,,
BYQ,,
UAR,,
TBM,,
YDK,,
LJC,,
ABL,,
HYS,,
NME,,
GOF,,
APS,,
THM,,
ASR,,
MGZ,,
GLH,,
BRI,,
SRI,,
ZFQ,,
IKO,,
LMQ,,
GHN,,
MCC,,
BSZ,,
UPN,,
SJG,,
PQI,,
TCG,,
VIG,,
OBS,,
KWR,,
SRG,,
COP,,
OPL,,
CTB,,
LGO,,
LPU,,
YJP,,
SWT,,
ESF,,
CUZ,,
BUI,,
NLE,,
ORJ,,
AKF,,
UTO,,
SKE,,
GBU,,
JJA,,
LUC,,
EAL,,
NPP,,
MBD,,
SAS,,
CEO,,
EFK,,
GUX,,
PLH,,
JWL,,
SLC,,
CWO,,
TTU,,
CHL,,
SNX,,
CTX,,
PIZ,,
BZU,,
BXN,,
ATD,,
PYM,,
EER,,
PTG,,
TAG,,
APC,,
RVN,,
BXH,,
DRV,,
UBP,,
ASK,,
LSR,,
HKD,,
ULQ,,
YAQ,,
CMX,,
ITR,,
GYY,,
ZIH,,
SZM,,
XHK,,
BWH,,
GRE,,
VCL,,
THP,,
TPA,,
RWI,,
TLZ,,
CNQ,,
MSA,,
PUX,,
FFT,,
XYH,,
MHU,,
CTK,,
RKP,,
SLO,,
GIS,,
WMR,,
UTN,,
MQI,,
NSF,,
IOP,,
WVI,,
TGJ,,
WRZ,,
BVR,,
ALS,,
ARP,,
CUQ,,
BUO,,
GNM,,
MAB,,
LZM,,
ORD,,
ALH,,
BYD,,
OPO,,
HGR,,
VEY,,
TDV,,
LLW,,
OBU,,
TEZ,,
RBQ,,
MWP,,
STA,,
WGO,,
HYL,,
ZMS,,
POZ,,
MBU,,
PRJ,,
GMO,,
CRY,,
RVE,,
BXU,,
RAL,,
PVZ,,
TGV,,
UAI,,
NGI,,
JIO,,
NNX,,
CBD,,
TCZ,,
GUJ,,
YZM,,
SOA,,
BDW,,
BTN,,
NFB,,
BIT,,
JNA,,
VIA,,
GUG,,
BVP,,
OMA,,
IBP,,
DLO,,
NAC,,
ONN,,
RBB,,
LKR,,
PAO,,
ACJ,,
CBX,,
JFM,,
SVV,,
MJT,,
LCK,,
MHH,,
SEZ,,
OGG,,
MSN,,
AIM,,
ZYQ,,
GTF,,
TJV,,
HLG,,
YBS,,
FAK,,
MHP,,
ELZ,,
ZAM,,
KKB,,
JDB,,
GAF,,
LGN,,
RAP,,
BPG,,
MUL,,
AGO,,
OIT,,
NCA,,
CMG,,
SWL,,
EXT,,
AQG,,
ZVK,,
NPE,,
LGM,,
SNE,,
TFL,,
XFR,,
KHJ,,
MRB,,
TQN,,
BUF,,
KYU,,
LRQ,,
YKF,,
KEC,,
FMA,,
MLN,,
KVA,,
AQB,,
CGR,,
MZV,,
MCW,,
BSG,,
LTM,,
YGR,,
LVK,,
ZWA,,
BLW,,
UKY,,
VPG,,
HGZ,,
NKM,,
TVL,,
ETH,,
ALN,,
MRQ,,
BHY,,
MJO,,
IPI,,
ULL,,
IUM,,
NDY,,
DRG,,
SCG,,
TOX,,
TOD,,
ZRZ,,
MNT,,
ENL,,
BZL,,
AWE,,
NBH,,
XDV,,
TPS,,
BRL,,
LET,,
PLY,,
OWD,,
UNE,,
NDO,,
YWH,,
GIT,,
AYC,,
COS,,
YYR,,
SAB,,
ADO,,
OTM,,
BAQ,,
WTS,,
DLG,,
WAG,,
WSJ,,
VTU,,
TNM,,
KNT,,
LTW,,
PHB,,
NAR,,
LUW,,
UKG,,
SST,,
YXE,,
HME,,
WRO,,
POE,,
LAD,,
KCN,,
LRJ,,
LRV,,
HIN,,
DCG,,
SQX,,
SSJ,,
OVD,,
USS,,
OCA,,
MWC,,
ZAT,,
CPQ,,
SVN,,
CGE,,
PPE,,
LPP,,
KDJ,,
KPL,,
SZS,,
PAF,,
MPU,,
WAJ,,
LJU,,
XMB,,
COI,,
EWN,,
CJB,,
NBV,,
BFH,,
RAR,,
KJA,,
WKR,,
YGO,,
TNJ,,
SBK,,
UTT,,
KUW,,
PBW,,
FLA,,
XIK,,
YWN,,
RGH,,
OLL,,
VRY,,
LAE,,
PAK,,
FRA,,
KPV,,
LPL,,
OKK,,
CFH,,
GAW,,
HKN,,
SQB,,
BNR,,
CFP,,
OSK,,
CYE,,
VLO,,
MQA,,
OOA,,
YDF,,
YHE,,
IBO,,
GOA,,
LSZ,,
OGZ,,
VDM,,
MNO,,
MFH,,
VEX,,
HAR,,
TNN,,
TZN,,
XWT,,
AZP,,
ULD,,
RNG,,
KCP,,
ACM,,
ATO,,
HUN,,
BQW,,
FNK,,
UON,,
DHL,,
HKV,,
BAX,,
SBO,,
URS,,
PMS,,
UNS,,
YHK,,
XDX,,
NOD,,
HRN,,
OHA,,
FEL,,
MEJ,,
PSW,,
EBB,,
NZW,,
XJG,,
FKS,,
IKA,,
GTO,,
MFY,,
HIH,,
HLH,,
JVI,,
CNV,,
PMC,,
VKO,,
MGB,,
DBM,,
KHR,,
ONJ,,
CMK,,
CUN,,
SNR,,
OXR,,
OZZ,,
PZL,,
ZHY,,
KBO,,
JAB,,
YXX,,
NIE,,
VNE,,
TIV,,
MHT,,
MLT,,
LOS,,
BHX,,
WPR,,
RUH,,
UIL,,
FUE,,
RJA,,
DAO,,
ERR,,
SLK,,
RDE,,
TBT,,
YOY,,
TYR,,
PNB,,
EKI,,
WHL,,
SBR,,
TNR,,
GEC,,
VME,,
BWE,,
SEF,,
VDB,,
MOI,,
SLN,,
GPT,,
QAW,,
PPX,,
YQZ,,
NDP,,
HCN,,
MIX,,
ICL,,
HRI,,
ZVM,,
PPA,,
JBK,,
YLE,,
FAC,,
CNS,,
BXL,,
VYD,,
VAW,,
SWJ,,
KHS,,
CKZ,,
EDK,,
AHW,,
DNL,,
KNH,,
SLV,,
TIA,,
LSS,,
VNY,,
MXY,,
ANO,,
COU,,
MDM,,
GVN,,
PNG,,
GMR,,
ZAG,,
MTS,,
TJQ,,
CGN,,
KUE,,
KCA,,
RTS,,
MTB,,
WDI,,
KWB,,
MCL,,
JAC,,
MKQ,,
RWL,,
EUO,,
TMY,,
GBP,,
NFG,,
CMU,,
BWG,,
OBE,,
RNT,,
OMH,,
THY,,
AWD,,
AUD,,
CUD,,
EGX,,
PSM,,
NTR,,
RNZ,,
DXB,,
NCS,,
TSZ,,
YNK,,
OFU,,
APB,,
RBU,,
RBJ,,
FID,,
BDA,,
AUG,,
COB,,
ARF,,
YRV,,
GZT,,
MHZ,,
CMQ,,
KOU,,
OKD,,
UVF,,
IRG,,
RLG,,
ZAJ,,
BOM,,
WUX,,
MCS,,
PYA,,
BKW,,
LBN,,
SUF,,
DDI,,
CDH,,
AUM,,
PNH,,
KIB,,
VBG,,
OTR,,
YCQ,,
KRX,,
BVO,,
BOD,,
YPF,,
MYU,,
XHW,,
ACN,,
ALR,,
KNR,,
CWP,,
PPY,,
APN,,
PEQ,,
MNQ,,
TAD,,
NDS,,
LUK,,
KCM,,
POF,,
AYD,,
SZP,,
CEG,,
SDH,,
YRR,,
DWD,,
YPB,,
WRY,,
WND,,
VLS,,
VDC,,
VHC,,
AJA,,
MMR,,
THH,,
ZKN,,
GFE,,
MAF,,
ANB,,
TBL,,
YDO,,
YQE,,
EGL,,
HZV,,
ROF,,
ONL,,
TUC,,
OSU,,
ZIU,,
ETN,,
PMA,,
SMR,,
XEO,,
ISG,,
NHD,,
BLK,,
CGJ,,
TRW,,
POR,,
VCT,,
CME,,
CNU,,
MJF,,
SUT,,
RWB,,
WNZ,,
HRL,,
DOC,,
ODB,,
MVV,,
CBP,,
BGV,,
RKT,,
KHZ,,
GYR,,
AUA,,
FOM,,
TWT,,
IXI,,
OVR,,
ZLO,,
GXX,,
LWS,,
GYN,,
TSF,,
YWO,,
CNI,,
DNI,,
LPN,,
DET,,
CGS,,
DHD,,
HUW,,
LAW,,
EIL,,
LVO,,
XKR,,
MSU,,
YSJ,,
WIL,,
KPP,,
HSL,,
SFH,,
LCE,,
HKY,,
ADG,,
SXQ,,
YAB,,
ONQ,,
CAG,,
TTE,,
NWU,,
GEB,,
CHJ,,
VAC,,
LCI,,
RVI,,
BUG,,
PGA,,
CHT,,
OLI,,
PMN,,
BFG,,
WHH,,
RLP,,
MGA,,
EMD,,
RGK,,
NYU,,
SJH,,
WAM,,
TTR,,
JCK,,
NRB,,
VHN,,
FNC,,
ZSW,,
DYA,,
CSV,,
BMN,,
TCT,,
TBJ,,
XIL,,
YVE,,
UYU,,
ZBS,,
THK,,
HRB,,
VOK,,
OBM,,
RKA,,
KOS,,
CQD,,
PGO,,
KEF,,
GBN,,
ANZ,,
TKU,,
ZAD,,
BCH,,
VIJ,,
XNE,,
HLN,,
ZNG,,
LNK,,
WUZ,,
SVP,,
GOY,,
WUA,,
AAI,,
GES,,
CLX,,
TTK,,
MTU,,
NAJ,,
HSH,,
RLR,,
KKF,,
VDO,,
QSF,,
YRI,,
TIP,,
LAA,,
CTO,,
NSV,,
ZRM,,
ENA,,
AEH,,
GSA,,
JUB,,
AZI,,
AHB,,
WAQ,,
SKH,,
BOY,,
NRA,,
IFA,,
RZE,,
POY,,
APH,,
BBX,,
TSE,,
LEW,,
ABM,,
SJZ,,
LDR,,
OCN,,
XWS,,
YBH,,
ZYT,,
XNC,,
SJF,,
JOS,,
AYO,,
SGT,,
HSG,,
JRS,,
BMU,,
MVS,,
SDO,,
MUN,,
ANP,,
PHU,,
SRW,,
MHC,,
APO,,
SFN,,
LMJ,,
TLT,,
FTU,,
NAW,,
YDH,,
RMT,,
HZG,,
WGA,,
YQD,,
YJM,,
SYK,,
MEZ,,
CYS,,
ENK,,
ZEF,,
CRK,,
CBY,,
MWO,,
YTL,,
SDD,,
PXL,,
BSC,,
PIW,,
IPA,,
PMP,,
SON,,
JYR,,
FRC,,
TBU,,
NST,,
CBW,,
IPR,,
SFT,,
OTH,,
KBH,,
WMP,,
MAZ,,
FEA,,
WGN,,
SHO,,
RCH,,
BIN,,
ORP,,
HMS,,
FBK,,
BIW,,
DTN,,
EST,,
GME,,
ATW,,
TCR,,
ZLT,,
AMU,,
VTZ,,
COO,,
APG,,
CEQ,,
YUX,,
SUM,,
YGT,,
EVG,,
HLC,,
TCB,,
MUC,,
VAG,,
BWB,,
BWP,,
EMY,,
YRB,,
CEZ,,
FON,,
ENY,,
GEK,,
TDP,,
OHE,,
CFO,,
NEV,,
WSR,,
MOA,,
ILI,,
TND,,
CCN,,
AVP,,
YCD,,
YZP,,
PCH,,
LIB,,
SAX,,
GBK,,
TPR,,
CTQ,,
WTA,,
RZA,,
XSC,,
BFF,,
AIK,,
YGX,,
DIL,,
ACR,,
FNR,,
OMF,,
WPU,,
ODL,,
GHB,,
NHT,,
ORK,,
HEL,,
TGS,,
ODR,,
TBR,,
YNA,,
DEA,,
NUN,,
WJF,,
TAJ,,
SMB,,
ENW,,
KUQ,,
KLM,,
SEO,,
COM,,
GDW,,
MYL,,
MYR,,
OGD,,
LYP,,
FYT,,
ERU,,
KEY,,
DDN,,
TOE,,
FSZ,,
VCE,,
EBU,,
XEG,,
YAA,,
CBC,,
BZM,,
JAJ,,
SYL,,
ETM,,
GBZ,,
VBV,,
VXO,,
UZR,,
SPD,,
ICY,,
TNT,,
AIC,,
PWM,,
KSL,,
VJB,,
BDL,,
YDG,,
OUT,,
BBZ,,
GMM,,
ZGB,,
BAH,,
NSE,,
MPL,,
PZY,,
JNH,,
BMJ,,
KUC,,
DIY,,
QKU,,
UTM,,
MDP,,
BEC,,
LWR,,
ARZ,,
HVS,,
BGK,,
KBE,,
SSB,,
SCS,,
ZZV,,
MEM,,
XFZ,,
SDJ,,
PSE,,
TMS,,
DUB,,
YQK,,
ZMB,,
SPH,,
XSH,,
RFG,,
DSN,,
MHV,,
MSP,,
LTO,,
RMI,,
ABR,,
FRT,,
MIJ,,
OLM,,
BCU,,
MJD,,
REC,,
XSP,,
TNF,,
ELU,,
YAD,,
EZV,,
PYX,,
DOD,,
MRH,,
LSN,,
YPQ,,
YKE,,
IGT,,
TFF,,
YRF,,
ERD,,
SUE,,
HCR,,
OLB,,
BOU,,
SHL,,
HNY,,
RKO,,
WLM,,
JIN,,
CFN,,
CAP,,
MQZ,,
NVD,,
BMM,,
IWA,,
MOF,,
YPN,,
ZYR,,
BRO,,
SID,,
SDX,,
IKT,,
LAU,,
CZU,,
ZMP,,
PQD,,
VPS,,
KWH,,
CWL,,
KPE,,
YCI,,
BXS,,
BBR,,
DAG,,
BSY,,
IVW,,
CBA,,
YJG,,
LRL,,
PKS,,
RAK,,
DSD,,
PST,,
UYL,,
ABD,,
DED,,
MEN,,
SFP,,
XBO,,
ASD,,
OAZ,,
RIX,,
ILA,,
ADY,,
JSK,,
GAS,,
KRS,,
DEO,,
GHA,,
ANK,,
BFR,,
NDG,,
FEW,,
SBN,,
EMA,,
KKL,,
YYT,,
DRJ,,
HMN,,
AUF,,
ULV,,
BCF,,
LSX,,
GHU,,
NPL,,
ZFT,,
ZAZ,,
ESW,,
CWI,,
MTX,,
UQE,,
TMR,,
ABI,,
PHE,,
EEN,,
NPU,,
AKW,,
BXG,,
VBY,,
LDU,,
PIM,,
SKI,,
RBH,,
DIN,,
WIR,,
XKS,,
LFW,,
YTN,,
XSM,,
LDA,,
JSU,,
LBB,,
COR,,
SET,,
AHC,,
GFK,,
KOE,,
JPD,,
CPE,,
DNP,,
AUL,,
GBC,,
HWA,,
PMO,,
ZHC,,
UGB,,
TOT,,
VHM,,
CJD,,
LCB,,
REG,,
GNY,,
ZNC,,
YHS,,
COE,,
OKB,,
HNI,,
DGM,,
RKI,,
MPZ,,
ANG,,
KIV,,
LYN,,
NYN,,
PKO,,
YCJ,,
MMD,,
KQT,,
ZGO,,
YTQ,,
XYL,,
YMS,,
MHK,,
CBH,,
BLY,,
PRZ,,
PAP,,
MSM,,
AHD,,
CKI,,
FRZ,,
PVA,,
PVF,,
TLA,,
OTS,,
BLQ,,
EPI,,
TKV,,
BTS,,
NAE,,
DON,,
SUS,,
DZN,,
PME,,
SHY,,
CDL,,
ABU,,
NJC,,
PKB,,
TNZ,,
BQD,,
PKL,,
RYN,,
KSY,,
NOV,,
CSM,,
MZJ,,
QUB,,
PHS,,
ZIA,,
JOL,,
SEQ,,
RLD,,
ETD,,
GEL,,
LRF,,
CWS,,
SKN,,
SRU,,
FLF,,
ESG,,
BJR,,
MES,,
CKC,,
NEG,,
KCF,,
UIK,,
PLO,,
TPT,,
KCL,,
BRM,,
SOO,,
AOB,,
PGK,,
EMI,,
YDB,,
PDI,,
BCO,,
SCF,,
IXG,,
RYK,,
XED,,
STL,,
OMI,,
KKH,,
KGY,,
WFD,,
IFF,,
RYB,,
ZID,,
KCU,,
HOK,,
KHA,,
JIQ,,
TCJ,,
PVS,,
CBB,,
LUX,,
ASA,,
SHA,,
TDO,,
ARL,,
LGY,,
SHQ,,
HDD,,
NAV,,
IML,,
KNG,,
WEL,,
WNS,,
ZRT,,
PEJ,,
ZAH,,
SSF,,
KML,,
XNZ,,
DJM,,
OPI,,
CCD,,
PTC,,
CXL,,
CCV,,
BJW,,
WBI,,
KIT,,
VNX,,
KKT,,
FME,,
RPV,,
KIF,,
SVK,,
LZI,,
BXR,,
XCR,,
LDY,,
MRF,,
MOG,,
OND,,
IAD,,
PUT,,
LEX,,
LUV,,
ZMM,,
UNC,,
JCM,,
DWF,,
MJB,,
MJC,,
MOV,,
KET,,
PAU,,
IHU,,
BKB,,
SPM,,
SXS,,
HHR,,
GWL,,
SWW,,
NDK,,
PAN,,
LNA,,
BND,,
VRL,,
YKX,,
KMA,,
SKY,,
TCH,,
BJP,,
FNI,,
BCI,,
THV,,
MBA,,
TSM,,
GXG,,
JOT,,
FTE,,
GWS,,
QNY,,
PFC,,
TML,,
MCF,,
LKK,,
MAL,,
SKG,,
SNZ,,
CYC,,
CNC,,
AAK,,
TNH,,
LTS,,
LCQ,,
EPT,,
TJC,,
ARQ,,
BEP,,
LMP,,
JGL,,
ZAR,,
MUG,,
FSD,,
KAH,,
XDB,,
RCR,,
SUG,,
FHZ,,
ZYK,,
KTY,,
VIH,,
MIN,,
BYU,,
PFQ,,
IGM,,
JRK,,
AVW,,
LUZ,,
ESI,,
ARA,,
CAB,,
YMF,,
RBS,,
BGM,,
UPP,,
AMG,,
ENJ,,
HBR,,
PMW,,
TMQ,,
TDT,,
PUU,,
WMV,,
MGN,,
CBM,,
EAN,,
IWD,,
BTQ,,
OHO,,
LHS,,
BGJ,,
SOY,,
PNI,,
TLF,,
ILF,,
YPJ,,
SLA,,
NTQ,,
KWN,,
URE,,
OCC,,
AFD,,
LDC,,
CKR,,
JOG,,
KNK,,
IBI,,
YEO,,
IGB,,
VRU,,
TRD,,
OXC,,
XYK,,
SCV,,
CAV,,
PLC,,
CCI,,
AKX,,
YRG,,
PPL,,
GRB,,
SYX,,
BZB,,
NBB,,
SHK,,
AQJ,,
AYI,,
YCS,,
BVX,,
MLI,,
LMT,,
CMV,,
NVY,,
SPI,,
OBF,,
LSH,,
DRU,,
SVU,,
ASH,,
JBT,,
PHW,,
SML,,
HDY,,
NTG,,
TBY,,
JVA,,
GRI,,
NDM,,
UKI,,
BVD,,
TMU,,
KKP,,
EXI,,
XGC,,
RHO,,
ZEL,,
KPI,,
DHB,,
TKK,,
LMH,,
LDB,,
QXB,,
MFP,,
MJZ,,
IMP,,
NDE,,
LNE,,
CKM,,
MXI,,
KAD,,
PGB,,
COK,,
LXG,,
HRY,,
RCE,,
MJU,,
ENI,,
ASV,,
DNA,,
ZGS,,
MFD,,
HTY,,
TZM,,
YWJ,,
BUR,,
PAA,,
NFF,,
MXG,,
KWS,,
ANA,,
BRX,,
YAN,,
MJK,,
JSL,,
ZPO,,
FTL,,
HAD,,
ZUH,,
AAU,,
NWT,,
NUA,,
KMK,,
EDQ,,
AEP,,
MMY,,
KIG,,
SXE,,
OUI,,
MWI,,
KRI,,
LEK,,
AUZ,,
USQ,,
DVL,,
ERV,,
DPL,,
UTI,,
SXR,,
WAY,,
CEM,,
MSE,,
MZD,,
SHH,,
BWS,,
TRV,,
KBJ,,
HUF,,
LAZ,,
ERG,,
NQY,,
LBZ,,
MUI,,
BFW,,
BTJ,,
MMW,,
MQQ,,
ZML,,
PSJ,,
ODS,,
XIZ,,
BGB,,
ITN,,
HGL,,
RUI,,
YMM,,
HVB,,
HPY,,
MFV,,
MSR,,
VIF,,
IXK,,
LAX,,
JHE,,
OBZ,,
OZH,,
PBM,,
HNZ,,
KEB,,
HLL,,
DHA,,
MDZ,,
OYN,,
WKI,,
AZR,,
PZB,,
KUR,,
NIO,,
NQL,,
DAY,,
YME,,
TLC,,
YRM,,
BKU,,
HVK,,
JUV,,
STI,,
SZH,,
TKH,,
SJL,,
YCK,,
TKW,,
RET,,
STK,,
TKB,,
MHQ,,
IKI,,
GLK,,
NOG,,
KQA,,
YKG,,
EZS,,
LBA,,
DUT,,
YCH,,
ATF,,
INK,,
JGN,,
CYX,,
VUU,,
ALJ,,
BCD,,
IAS,,
HMV,,
TNK,,
CNW,,
GGG,,
GLS,,
TRN,,
JUR,,
IHC,,
CRP,,
DLI,,
KYP,,
BLC,,
HND,,
BHA,,
HAE,,
TRA,,
NZY,,
OSZ,,
CGP,,
YJL,,
ZMT,,
ZQF,,
BLZ,,
PBX,,
CXJ,,
DOL,,
RAB,,
FSM,,
IBT,,
EPR,,
OMK,,
MQB,,
TEX,,
THX,,
ZAO,,
TCO,,
JCR,,
KEJ,,
LGT,,
USM,,
MUF,,
YEP,,
GON,,
TSB,,
RZP,,
SSV,,
AAH,,
WHS,,
BSL,,
DUS,,
ATM,,
MWD,,
SYU,,
ZYJ,,
YOO,,
QGQ,,
TMT,,
HVA,,
IAR,,
TEL,,
CFU,,
NDR,,
BBY,,
IRO,,
OUE,,
MFE,,
ZAF,,
JJU,,
ILX,,
SEV,,
MLL,,
KDM,,
BJN,,
MPY,,
FAR,,
MXC,,
ANS,,
EGN,,
SHP,,
MKZ,,
SIU,,
AIL,,
DCK,,
IJU,,
MKE,,
RKE,,
LYG,,
EAB,,
BEB,,
TTM,,
OSS,,
OHR,,
ATQ,,
SGH,,
HWO,,
ZLA,,
ORA,,
HEB,,
SWD,,
YCZ,,
GYG,,
HSN,,
TAC,,
IFP,,
GUB,,
HZP,,
UZC,,
TBS,,
MIW,,
RDV,,
LOB,,
FKB,,
ATL,,
NAF,,
JEQ,,
KTK,,
EVD,,
WSY,,
OAK,,
SRP,,
JBC,,
LTT,,
CAY,,
THA,,
IMG,,
HZB,,
GSB,,
MHE,,
ARK,,
JGS,,
SMX,,
VNC,,
OKE,,
VRE,,
PRU,,
FRD,,
CNM,,
TTA,,
YHT,,
IDI,,
CIW,,
MQO,,
GCA,,
PAL,,
CCU,,
ESU,,
CMI,,
PEP,,
NSK,,
SOL,,
GVX,,
SSZ,,
VQQ,,
IRE,,
SVT,,
PTO,,
AOL,,
BOT,,
ABS,,
CGH,,
JHS,,
BBT,,
PNK,,
LOD,,
NOS,,
ENH,,
ADL,,
NLV,,
VLY,,
AWN,,
SUI,,
UKT,,
LSL,,
KOD,,
ZPL,,
XRF,,
JHM,,
TUQ,,
NPO,,
ALB,,
FXY,,
BOA,,
ITH,,
BUV,,
ZBB,,
PKU,,
XER,,
CKW,,
ELB,,
NDC,,
PHG,,
BPK,,
PUW,,
CDJ,,
MZU,,
JNX,,
KEM,,
GTT,,
TOR,,
MFJ,,
FMY,,
XJH,,
SQE,,
ONX,,
XCM,,
XPZ,,
JED,,
NSM,,
MMM,,
LVB,,
SIY,,
OTI,,
ULK,,
JLB,,
ELV,,
CEB,,
TNW,,
BLJ,,
ZBN,,
KOR,,
BJM,,
FLT,,
MPX,,
SAC,,
SDT,,
EYR,,
OVL,,
YPO,,
UIZ,,
YBA,,
POC,,
HTI,,
WIN,,
AWZ,,
CMY,,
MCI,,
MBG,,
CXQ,,
USL,,
ELL,,
WBU,,
XIV,,
CQP,,
BIM,,
SXY,,
CSN,,
NRI,,
OCJ,,
BCJ,,
AFK,,
ZHT,,
XFP,,
TLM,,
FMS,,
TKD,,
AUX,,
RLA,,
EPL,,
AGX,,
YHU,,
AHE,,
LPW,,
BTX,,
MOQ,,
BEQ,,
EVV,,
JHL,,
MGT,,
SDS,,
ORE,,
ATN,,
CQM,,
AME,,
BLU,,
GCI,,
TPX,,
MVH,,
MND,,
LYC,,
KLX,,
RBL,,
GUP,,
TCS,,
VPN,,
PYB,,
BXM,,
TJA,,
TAK,,
BWJ,,
OBX,,
RAX,,
NKD,,
TPL,,
UOL,,
LBJ,,
VEE,,
SYC,,
TKL,,
MNW,,
RDC,,
YQS,,
OHS,,
YZA,,
WSA,,
OMJ,,
JWC,,
RCA,,
CAO,,
GAC,,
MWK,,
BBA,,
VIX,,
TGE,,
RKR,,
CIV,,
TAZ,,
ADM,,
WAT,,
EGI,,
BDT,,
LNZ,,
HIK,,
PHT,,
SCO,,
KOI,,
CRC,,
EWE,,
CUW,,
ZRH,,
YUB,,
FBL,,
PBF,,
CVL,,
SDK,,
ZLN,,
TUG,,
SYM,,
DGB,,
FOP,,
XHJ,,
DNK,,
PBP,,
AYK,,
WRG,,
COT,,
MDT,,
SEK,,
ITI,,
LOW,,
FBS,,
BLV,,
YNN,,
FLL,,
BPC,,
LKS,,
BKF,,
KTO,,
LMM,,
FEB,,
EFD,,
WST,,
OZU,,
UNK,,
MGI,,
ALQ,,
XOM,,
SRC,,
SZG,,
TWH,,
HUL,,
KEW,,
EVW,,
EWO,,
MPD,,
MKT,,
CDQ,,
DOA,,
LKL,,
GZO,,
BIO,,
XLS,,
CEY,,
HMT,,
VAO,,
CFB,,
GUU,,
LAM,,
BUK,,
ARM,,
NYE,,
FMI,,
MQH,,
LSU,,
MCT,,
AGK,,
AKM,,
KLD,,
LAC,,
OBD,,
GJM,,
BSQ,,
TLK,,
ZFZ,,
IAQ,,
SPX,,
SSG,,
OOR,,
SSO,,
JBQ,,
DCI,,
MGP,,
LBU,,
SRR,,
MNK,,
CZE,,
OYG,,
YZU,,
MBQ,,
ODY,,
SFV,,
LUD,,
IMI,,
CUK,,
RSK,,
SXT,,
GYA,,
CYP,,
ZTB,,
KES,,
TRY,,
XJF,,
IRP,,
GUV,,
TDD,,
WRA,,
YPH,,
YYD,,
OLC,,
SGK,,
HPT,,
ZQU,,
TDK,,
LGX,,
PND,,
BJC,,
XET,,
XBB,,
BXO,,
OHI,,
GNN,,
PNC,,
ZTD,,
YWA,,
MMK,,
GII,,
YTR,,
YOH,,
MXJ,,
PRC,,
QFZ,,
KBU,,
YDE,,
YXK,,
DDU,,
BGF,,
YVZ,,
MBV,,
JAI,,
ASB,,
MDF,,
YKN,,
CTG,,
TLN,,
MAU,,
MEC,,
BLP,,
QDH,,
UAK,,
PXS,,
CLS,,
OSX,,
NNL,,
SMA,,
INA,,
GRK,,
XZL,,
FNT,,
TUT,,
MMJ,,
GBV,,
APT,,
BGT,,
NVR,,
DRY,,
CPX,,
NTT,,
MYN,,
BGC,,
YJO,,
POG,,
ITO,,
JFR,,
LAB,,
KBG,,
TCX,,
DUF,,
BDO,,
GDA,,
HIF,,
TKZ,,
LSM,,
SAH,,
RRK,,
RSH,,
JXN,,
ELC,,
HNH,,
MIT,,
AYL,,
JGO,,
MBH,,
TSP,,
PKZ,,
CZZ,,
OUH,,
YBD,,
CEW,,
EJH,,
LLX,,
JAM,,
AIT,,
DLE,,
HIE,,
BUB,,
HTV,,
SFM,,
DVD,,
LTK,,
CRL,,
CEX,,
HGN,,
CIK,,
ANV,,
UUD,,
UIB,,
ABC,,
RDR,,
PGN,,
MVU,,
YGH,,
ALD,,
UMB,,
GUS,,
BZT,,
YPC,,
CLY,,
ONH,,
TIX,,
WRE,,
AUC,,
BUQ,,
TSG,,
MVF,,
KGF,,
LNQ,,
YKJ,,
MLU,,
PWN,,
MRG,,
XPK,,
ZSZ,,
TAP,,
CBF,,
SUX,,
KEE,,
BTW,,
LMG,,
CVE,,
ATT,,
MKH,,
XEN,,
AKO,,
BBF,,
CCF,,
BFO,,
WAB,,
TFB,,
MGK,,
WWA,,
RAN,,
CII,,
SCB,,
OLA,,
PNX,,
CMZ,,
CIJ,,
RUA,,
ZZO,,
PBQ,,
YHF,,
BES,,
FEN,,
CHP,,
NYM,,
FDU,,
POI,,
NPT,,
LSQ,,
TEH,,
VRS,,
FDR,,
WOE,,
BTR,,
BKE,,
RAJ,,
YMC,,
KNP,,
ARC,,
OXY,,
WGC,,
YXZ,,
MFQ,,
DNH,,
MBF,,
BJG,,
AIN,,
KBP,,
NQT,,
DUG,,
DIU,,
GGE,,
COX,,
HRC,,
YQV,,
AJI,,
ACE,,
TJN,,
HGD,,
RBC,,
SPP,,
BNQ,,
YRC,,
ACU,,
YYB,,
BRB,,
GSP,,
KLO,,
KMF,,
YEN,,
PDE,,
HAN,,
JHC,,
YXH,,
PNZ,,
OSC,,
MYC,,
OSG,,
YIE,,
KKC,,
LAO,,
YND,,
UBT,,
CCK,,
STZ,,
AHF,,
YXU,,
VMU,,
QJE,,
LTI,,
TAL,,
DIE,,
KOT,,
TCQ,,
LNX,,
AFA,,
YJE,,
DSG,,
HBA,,
SQF,,
KEV,,
IZA,,
UTL,,
TTH,,
DLS,,
NLI,,
SLM,,
ZAY,,
ALZ,,
FMM,,
XJV,,
TNG,,
BKP,,
XNM,,
DUR,,
SOK,,
BQI,,
ZSQ,,
TUM,,
NQA,,
LOA,,
ZRV,,
MIR,,
EEP,,
VAS,,
ATI,,
WHO,,
MGH,,
ZRX,,
JMK,,
MLH,,
BNT,,
HSC,,
HTZ,,
OKC,,
HAA,,
WSO,,
ELG,,
ZTN,,
YTF,,
FEC,,
NCG,,
YBM,,
GGD,,
AAS,,
TRZ,,
PKJ,,
THC,,
XWG,,
YQG,,
AUH,,
PMV,,
SEI,,
PAY,,
SVY,,
GMA,,
HLM,,
LFR,,
LEM,,
QPA,,
INN,,
MLA,,
DAM,,
KBZ,,
USR,,
ADP,,
LSP,,
TMC,,
ADH,,
FRL,,
NOM,,
KSG,,
AGT,,
YHB,,
IVI,,
JER,,
TMN,,
QJJ,,
UME,,
YUA,,
CLO,,
TUK,,
GDZ,,
PUY,,
VTB,,
LBE,,
CLL,,
FSU,,
QDU,,
CUV,,
MPF,,
CWB,,
ZYF,,
TGO,,
KZB,,
SYI,,
DBD,,
AAO,,
BOC,,
WDB,,
KEP,,
MLC,,
RKC,,
EYS,,
QFV,,
LAQ,,
IGD,,
MVA,,
NLS,,
NQX,,
YGG,,
ROU,,
AMJ,,
BIZ,,
UGI,,
CBK,,
KMS,,
PTB,,
DBP,,
QQK,,
AKB,,
YHY,,
LUE,,
FAL,,
YER,,
UKX,,
KMN,,
YSU,,
JSR,,
UIH,,
OKO,,
TBH,,
TKI,,
PGR,,
LHI,,
JOR,,
PEV,,
MWH,,
CCT,,
DBY,,
SYP,,
CXC,,
YAT,,
NIN,,
WTB,,
SPC,,
HVG,,
BHT,,
NOP,,
TTJ,,
WBQ,,
KWF,,
TUI,,
GRA,,
FAA,,
GIL,,
KRU,,
JMA,,
KEK,,
RVT,,
YDN,,
RBO,,
THB,,
MWL,,
THG,,
BDC,,
SKA,,
KTP,,
RSI,,
GFY,,
LOC,,
RDN,,
UCK,,
HNG,,
PBK,,
NHV,,
IRD,,
BLM,,
MEL,,
ACI,,
GDX,,
REH,,
BJH,,
MRX,,
PCC,,
TKX,,
WTC,,
CJL,,
DIR,,
AMQ,,
GWT,,
VKG,,
MBN,,
DNU,,
NMC,,
ZBL,,
YMA,,
HER,,
THR,,
KGU,,
SIG,,
MBX,,
BOV,,
CMH,,
BUL,,
LDM,,
KPG,,
POO,,
VIU,,
TKP,,
LAJ,,
KGD,,
WBC,,
FBD,,
GCN,,
LEY,,
TZX,,
SAF,,
ION,,
YUM,,
KSX,,
EAU,,
CSX,,
KTS,,
FXM,,
MUW,,
BJJ,,
SLR,,
ULS,,
VLC,,
UMI,,
WIB,,
RBG,,
KYL,,
DAN,,
GNA,,
AJF,,
FWH,,
KCO,,
XSD,,
MKC,,
LTD,,
SKZ,,
KLL,,
FLX,,
GMZ,,
AOR,,
MOU,,
GMT,,
GOJ,,
XTT,,
YYI,,
KLJ,,
CIA,,
OFI,,
DIS,,
EPH,,
BPN,,
PVD,,
KWV,,
CLJ,,
MQX,,
YFL,,
BYT,,
FNG,,
PMM,,
TSC,,
MHW,,
CZO,,
XLF,,
UGA,,
MGY,,
VVC,,
XMD,,
LIS,,
GHT,,
INY,,
ZYA,,
AQY,,
SIW,,
ZGG,,
CZW,,
MML,,
ULE,,
MTV,,
CPA,,
GLP,,
BCN,,
TMD,,
LCF,,
CDZ,,
KUI,,
EME,,
HUX,,
BBG,,
COF,,
FSS,,
GBL,,
YBQ,,
CTA,,
CSB,,
SYA,,
BKL,,
RRL,,
ALU,,
MJL,,
NMG,,
ORN,,
BUC,,
MHY,,
PER,,
HRO,,
TOP,,
UTG,,
OEO,,
PBI,,
TDB,,
LOF,,
KCI,,
RAM,,
XPL,,
RCQ,,
CBE,,
EWB,,
CGX,,
REN,,
VPE,,
FAI,,
ZLP,,
KMG,,
BEW,,
MYO,,
RIM,,
HNB,,
OMG,,
PKG,,
RBV,,
CQS,,
BDI,,
GGR,,
WTR,,
KND,,
IAN,,
BSK,,
LIV,,
DRX,,
YXT,,
KHY,,
MNZ,,
AYS,,
CWA,,
MVN,,
LIZ,,
JLX,,
VCR,,
GZM,,
YRA,,
FOS,,
PCD,,
YBR,,
OTZ,,
MIC,,
MET,,
ING,,
TDX,,
SBM,,
XLK,,
XAU,,
PON,,
INT,,
PNE,,
CTH,,
DGC,,
OKG,,
POA,,
WCR,,
SBJ,,
YNC,,
CNB,,
CIU,,
GKL,,
KOZ,,
AKY,,
NEJ,,
KRE,,
SOI,,
DIV,,
SSR,,
LHP,,
SNU,,
NIU,,
WJA,,
YTU,,
DLA,,
AUB,,
ARJ,,
ZFM,,
FVM,,
KUL,,
SBE,,
GOH,,
BEG,,
PCU,,
AIY,,
TIN,,
LZC,,
TNI,,
ZYX,,
BIG,,
KNQ,,
CMA,,
LGD,,
TEM,,
PSH,,
GNI,,
CKT,,
BGE,,
YNH,,
AKT,,
JBD,,
OSE,,
RGN,,
SEM,,
MRI,,
FES,,
KRT,,
HOG,,
IAH,,
EWI,,
IDP,,
TTL,,
AQM,,
ONB,,
LJG,,
DAB,,
FNE,,
ISK,,
RAV,,
YNB,,
AKA,,
LHV,,
BJB,,
OVS,,
NUS,,
DKA,,
VHZ,,
AKR,,
KRL,,
BRP,,
LCO,,
VOT,,
EOR,,
KKX,,
KCJ,,
RGE,,
RKY,,
JTY,,
RKD,,
GFF,,
YAS,,
CMP,,
GMB,,
CLC,,
PEE,,
BRW,,
IKB,,
PHO,,
SGY,,
JMC,,
SHX,,
CCC,,
CGI,,
BIL,,
FAO,,
WPB,,
MUV,,
YOD,,
GCV,,
OTU,,
SAQ,,
FIH,,
GGT,,
AYT,,
URC,,
ZMJ,,
NCO,,
UST,,
REZ,,
ROR,,
BRT,,
LIC,,
SBD,,
JRB,,
HNA,,
RIF,,
JIK,,
HOU,,
KNV,,
NRS,,
MZW,,
BUW,,
YWP,,
BHP,,
YYF,,
HID,,
ULC,,
EIA,,
RSW,,
CEU,,
OTV,,
WUD,,
CHE,,
SPV,,
DKV,,
NGR,,
SYO,,
ZTH,,
PNT,,
ECS,,
GBM,,
YJH,,
WAA,,
TNQ,,
FCS,,
GRH,,
OGV,,
SGF,,
AGE,,
HLV,,
BHW,,
DJJ,,
ORQ,,
GAN,,
SNS,,
ALA,,
PTN,,
DHR,,
HAW,,
KOC,,
SPS,,
RJL,,
SSU,,
ECR,,
SBY,,
KDL,,
WAX,,
KIW,,
VAM,,
WOS,,
OUL,,
BDP,,
TMZ,,
HOF,,
OBK,,
GBA,,
BQQ,,
ICT,,
PKN,,
ISA,,
GLA,,
RIJ,,
MXK,,
XJN,,
UCA,,
LVM,,
KVG,,
MVJ,,
KSI,,
TBV,,
XMY,,
MWZ,,
CUP,,
PET,,
VBM,,
VTE,,
ZFW,,
GVR,,
WMO,,
KOF,,
MXS,,
MRZ,,
CRG,,
HKT,,
PUE,,
ZIC,,
EGO,,
FEZ,,
RBM,,
JGC,,
GMI,,
IXT,,
AKI,,
RAS,,
JRD,,
SPR,,
VNO,,
ODN,,
PJC,,
BVF,,
LRT,,
KGJ,,
ZKM,,
ILK,,
YFS,,
LKG,,
GRQ,,
JLA,,
LPM,,
TGI,,
BZY,,
SKT,,
ITU,,
BZG,,
SIV,,
ROA,,
PBV,,
EBA,,
ZAL,,
HOQ,,
DYR,,
YRT,,
TMM,,
OKP,,
AXX,,
LYR,,
HCW,,
IXN,,
RKH,,
FJR,,
KJU,,
YRD,,
LCL,,
CFQ,,
WET,,
YVG,,
KHM,,
LRK,,
GPS,,
HPV,,
YZH,,
LRS,,
XRK,,
ZVG,,
TSA,,
SKQ,,
HCC,,
YMB,,
GSL,,
NTJ,,
DHN,,
IRU,,
ZFG,,
TUH,,
AES,,
VYI,,
UNU,,
ROZ,,
MWE,,
JPR,,
ELX,,
XRR,,
YZC,,
BHI,,
KNO,,
TFT,,
RON,,
FAE,,
FTI,,
ZTA,,
KYY,,
MYH,,
XJP,,
MQG,,
ENU,,
DOR,,
KAW,,
GDP,,
FWA,,
YCP,,
EIS,,
ONE,,
SPW,,
LFI,,
ABP,,
YAJ,,
LYU,,
YMR,,
XAL,,
DRB,,
LEQ,,
ILN,,
HOB,,
CHK,,
HDB,,
LBD,,
DCA,,
RMQ,,
TOK,,
OSM,,
LYS,,
MFG,,
HEK,,
NEN,,
ISH,,
MNV,,
MLY,,
ZWC,,
HZK,,
STW,,
EXM,,
GEX,,
CSH,,
MRU,,
ADW,,
DLZ,,
ZNA,,
FLN,,
BOI,,
URR,,
XYA,,
PEY,,
TOM,,
BNB,,
PQC,,
MNS,,
PMG,,
YPM,,
BEH,,
XIG,,
NCL,,
RXE,,
BFI,,
PPN,,
HOL,,
SOG,,
DBR,,
INF,,
FUN,,
ASY,,
AXP,,
KKO,,
AJL,,
PPD,,
MUQ,,
POM,,
DIP,,
SZQ,,
RTA,,
KPM,,
ZWI,,
YFT,,
TON,,
JJD,,
QWF,,
DAF,,
WDY,,
SWA,,
ISW,,
BEU,,
SFA,,
MAO,,
ZSJ,,
NGQ,,
YXC,,
GIF,,
TBQ,,
UDJ,,
KUP,,
ZTT,,
XOP,,
XDY,,
YWK,,
ZHA,,
DJB,,
TBZ,,
MUP,,
DOH,,
WTE,,
CKB,,
SXB,,
UUU,,
OLJ,,
KGG,,
PYH,,
ZQZ,,
YEG,,
LEV,,
DJE,,
MRV,,
WBR,,
YTA,,
MGV,,
OKF,,
YWR,,
YJI,,
UEL,,
GDE,,
HZL,,
CHZ,,
NLT,,
LIH,,
KHE,,
PHZ,,
LNH,,
PIB,,
XHP,,
TYL,,
BSI,,
DSE,,
HMI,,
RGI,,
VND,,
SYJ,,
STF,,
MLM,,
JZH,,
BTA,,
JOH,,
EBH,,
TSQ,,
ILG,,
NRK,,
TNP,,
CSK,,
OLY,,
SLL,,
PAM,,
WBB,,
SNQ,,
RRO,,
SQV,,
PEW,,
GUM,,
PGP,,
YXN,,
FTY,,
DME,,
GED,,
KPN,,
AGQ,,
TKR,,
AAV,,
CEH,,
KBW,,
TIK,,
DAR,,
IAB,,
TTB,,
LCS,,
BGI,,
PGZ,,
NNG,,
SKW,,
BMY,,
SJO,,
MQD,,
DKK,,
ATK,,
VLD,,
PRT,,
MCH,,
SSE,,
FOR,,
MDY,,
PHF,,
DBU,,
NOJ,,
TXL,,
AML,,
RAE,,
RTD,,
SOJ,,
GDT,,
GRS,,
PTR,,
JJM,,
BQB,,
BMS,,
SME,,
UGU,,
CRB,,
SGA,,
YMY,,
LTZ,,
MIB,,
CPM,,
MIF,,
YSF,,
AUT,,
IMB,,
XTO,,
KNB,,
RED,,
ATC,,
YSV,,
JMS,,
WSU,,
OWA,,
AMP,,
ELE,,
ZUK,,
UTS,,
RLK,,
SYE,,
ENN,,
PSB,,
KOA,,
ADD,,
MFN,,
JCA,,
EUN,,
CVF,,
SRN,,
AKK,,
KBX,,
SVC,,
BTM,,
UAB,,
WIC,,
ANY,,
PTI,,
MRA,,
CMN,,
UTC,,
ZSR,,
RFR,,
SAR,,
WUG,,
RBR,,
IRJ,,
DVO,,
YFG,,
CGY,,
YCL,,
PIA,,
ELM,,
TUD,,
YIG,,
GRF,,
CAW,,
HRT,,
RTM,,
UIO,,
HLF,,
PEH,,
YAR,,
RNP,,
KYZ,,
ZHH,,
CHU,,
NCQ,,
WNR,,
KTL,,
ROH,,
NAZ,,
ZJS,,
OGR,,
EKE,,
SAT,,
KBY,,
MIG,,
YLW,,
NLL,,
HZH,,
QSR,,
IGL,,
DTA,,
DHF,,
CIX,,
VNT,,
LNB,,
FLE,,
BGP,,
GGL,,
GHE,,
EIE,,
IKS,,
BUZ,,
NIT,,
FLU,,
YTK,,
CAH,,
PUC,,
MCP,,
TSU,,
SDQ,,
PUS,,
XEC,,
TNO,,
KMZ,,
KHW,,
OFJ,,
LIJ,,
ABQ,,
XIQ,,
FRG,,
CXF,,
MFC,,
KDI,,
XYZ,,
ZHZ,,
TPH,,
ACX,,
BXA,,
EML,,
LME,,
SSS,,
RDA,,
EYK,,
LLN,,
FRB,,
SKC,,
MQY,,
MGS,,
HSA,,
KPT,,
IVR,,
TBD,,
GZI,,
BWT,,
XQE,,
BTB,,
CVQ,,
VCB,,
RGR,,
GWO,,
BDU,,
BNY,,
DWC,,
AHZ,,
BKI,,
PPC,,
NRY,,
OZI,,
WHU,,
AOS,,
EBR,,
PPG,,
PNN,,
RTI,,
UPB,,
UMR,,
WNU,,
CZA,,
SOH,,
AID,,
LFO,,
ROO,,
PIF,,
YMW,,
YEC,,
SMI,,
NDN,,
BRD,,
WUS,,
BHQ,,
MFM,,
CCE,,
LEP,,
WAC,,
MUR,,
KBV,,
EGE,,
YUS,,
SHC,,
NGW,,
YLQ,,
MLD,,
NBU,,
BTD,,
GLT,,
DGP,,
XFJ,,
YLN,,
BOF,,
SBQ,,
UIQ,,
GDM,,
AET,,
TKA,,
SMT,,
BOG,,
SEU,,
WBO,,
COH,,
HHZ,,
HLY,,
RPN,,
KPK,,
KAN,,
CAL,,
MAC,,
BIK,,
BSW,,
DTW,,
UHE,,
WLL,,
LZY,,
SIN,,
SGZ,,
MMT,,
ISL,,
PCS,,
XVQ,,
DUC,,
LBV,,
NTY,,
VGS,,
MGR,,
XYE,,
ZXT,,
GLV,,
WSN,,
MCR,,
MZX,,
LNO,,
NKU,,
MAD,,
DRS,,
YLM,,
ZYN,,
LAH,,
NES,,
ADS,,
YKY,,
SVH,,
MDX,,
TYF,,
AUK,,
SNV,,
QQS,,
PKF,,
NNA,,
BGQ,,
VIV,,
TDW,,
OUD,,
CCP,,
PUG,,
BUY,,
ONY,,
MJI,,
PML,,
PNU,,
HXX,,
WBA,,
WTP,,
RBK,,
ERB,,
AOD,,
ZBC,,
KZR,,
EKT,,
MJM,,
LMZ,,
IWJ,,
YPP,,
LND,,
KSW,,
RAW,,
CUU,,
SHS,,
CGM,,
SIJ,,
TGC,,
XNN,,
IRN,,
JDF,,
UTP,,
PSC,,
NRE,,
CAT,,
DNG,,
YQW,,
KSM,,
BKC,,
ILH,,
MFW,,
RUN,,
TUV,,
KSJ,,
GRU,,
DDM,,
OGA,,
WLH,,
DJU,,
GGM,,
JLR,,
ZFJ,,
BMZ,,
BXC,,
PAB,,
IST,,
ALI,,
HEE,,
OTL,,
ADQ,,
GOV,,
SIR,,
JTC,,
WPC,,
PNF,,
TRC,,
HUS,,
PSI,,
DBS,,
QRO,,
MAS,,
TII,,
CCJ,,
RDM,,
PGV,,
KGA,,
BEF,,
SGU,,
OTP,,
DYW,,
MNG,,
FLD,,
BKK,,
CNJ,,
SUP,,
IQQ,,
MMV,,
SRQ,,
OTJ,,
RHL,,
SNM,,
UCC,,
SCD,,
ELQ,,
PEZ,,
MBY,,
KUZ,,
YDI,,
BOH,,
TPY,,
GID,,
MVQ,,
MOR,,
ARX,,
DTL,,
UCT,,
PZE,,
HUQ,,
ZGD,,
WHF,,
BAU,,
ISP,,
AVG,,
MON,,
KNZ,,
GCK,,
VRB,,
BQK,,
KGO,,
MMX,,
IGH,,
GAT,,
LFM,,
NHA,,
PKV,,
RSL,,
TEB,,
TRH,,
ZGF,,
WWP,,
TGB,,
BZK,,
CGC,,
CAS,,
ISC,,
ZBR,,
HBZ,,
BAE,,
XMG,,
LES,,
KRO,,
BSR,,
ULY,,
TKT,,
RPX,,
GPB,,
NNR,,
JDP,,
LHB,,
ECO,,
BCW,,
MAI,,
CKH,,
MQS,,
YFO,,
COC,,
GMV,,
RDD,,
LSW,,
UGT,,
NGL,,
CDT,,
TSV,,
YRJ,,
ETS,,
OGU,,
MTC,,
XBJ,,
LDJ,,
KKJ,,
AFN,,
DMU,,
EGA,,
VRN,,
ORV,,
GAP,,
BWQ,,
EOZ,,
SDG,,
LKN,,
BTG,,
CEK,,
MOT,,
DJN,,
ESO,,
PES,,
CVJ,,
TES,,
MEH,,
ZHU,,
LTH,,
APP,,
TLX,,
OSY,,
MYE,,
ILL,,
LUB,,
RRV,,
TEF,,
BFV,,
MBS,,
BST,,
ROX,,
KTF,,
MED,,
JNI,,
RRI,,
RCY,,
REI,,
HLB,,
ISO,,
LMY,,
IEV,,
SJV,,
DGL,,
YSC,,
VXE,,
WTZ,,
THO,,
NAO,,
RWN,,
XUN,,
FBR,,
MTO,,
KLE,,
WOD,,
TIQ,,
SQT,,
BYM,,
VGG,,
GOQ,,
CFK,,
BZS,,
CHS,,
BMR,,
JOE,,
VSG,,
PEN,,
OWE,,
EGC,,
GIU,,
SHU,,
NOO,,
RUG,,
CDV,,
HTM,,
ZKL,,
LSF,,
MWQ,,
YKI,,
OEC,,
TAN,,
ZVJ,,
YLL,,
VOG,,
DZO,,
BQL,,
QLU,,
YMH,,
IMM,,
YMU,,
MAQ,,
KGR,,
MOZ,,
KYE,,
ERH,,
MWV,,
OHC,,
MFO,,
JEG,,
TLD,,
ILD,,
SGS,,
YCG,,
BGZ,,
TTD,,
TUS,,
ACL,,
YLJ,,
BPA,,
WDN,,
MXX,,
KVE,,
ACC,,
ITP,,
PLZ,,
ONU,,
SZZ,,
PHX,,
LDX,,
AOG,,
SUZ,,
BFA,,
MQU,,
FXO,,
BSN,,
TJK,,
TCA,,
FOO,,
YCX,,
TYN,,
NAI,,
NKL,,
RLO,,
KWT,,
NTC,,
TIB,,
KRM,,
WRB,,
DSC,,
MBC,,
KGP,,
SCK,,
BBC,,
AWA,,
BEK,,
BCY,,
SSA,,
CRQ,,
TGH,,
FOG,,
AFS,,
DPE,,
EJT,,
INO,,
EMX,,
IOS,,
AAX,,
LDE,,
FYG,,
WLG,,
TVF,,
KYS,,
ZEC,,
AKP,,
STM,,
SZT,,
SGL,,
TCY,,
FLG,,
PIH,,
SBX,,
RMN,,
MPC,,
WIE,,
AER,,
SIA,,
MQM,,
WGY,,
XQN,,
SJT,,
YJR,,
MLJ,,
KIA,,
LBC,,
LEZ,,
OLE,,
LSI,,
PDA,,
KEI,,
AGP,,
BYS,,
RIZ,,
PPS,,
SOR,,
KBR,,
KVX,,
TYB,,
RKZ,,
ESL,,
SUO,,
YCF,,
PHJ,,
ABX,,
MHL,,
PIR,,
HKK,,
BYL,,
ROS,,
RIG,,
PIN,,
ERF,,
PJS,,
BWD,,
LCP,,
AUO,,
MTP,,
AHT,,
ORH,,
IRM,,
URI,,
PSZ,,
HOA,,
YVC,,
SHJ,,
URN,,
WYE,,
ZBQ,,
GYU,,
KHD,,
JWA,,
KSA,,
VAR,,
RSJ,,
PNJ,,
IRB,,
CXO,,
TER,,
KUO,,
GSN,,
WAN,,
NDL,,
PCJ,,
YGN,,
IUE,,
EVA,,
YHD,,
BPE,,
NDD,,
RBI,,
YZX,,
FNH,,
ELT,,
SSY,,
YPZ,,
EFW,,
ZYD,,
RAZ,,
PCO,,
MJX,,
YLF,,
LDH,,
QUO,,
NRR,,
KKU,,
MNL,,
HUA,,
KSU,,
ELS,,
SYB,,
ATE,,
BJK,,
KOV,,
GEO,,
UKU,,
CZC,,
MIV,,
CBJ,,
HSM,,
UTU,,
BNE,,
SAD,,
WGP,,
WYB,,
BKX,,
AMF,,
PPF,,
ZSE,,
SYY,,
PDZ,,
GOC,,
ROY,,
TFN,,
OHT,,
SUB,,
FKN,,
OCI,,
VAB,,
MSC,,
KAU,,
BMA,,
ZDJ,,
SDC,,
XRJ,,
LRG,,
MQL,,
VKS,,
SER,,
TJS,,
CCA,,
KNE,,
TMI,,
KAK,,
YML,,
MQK,,
GXQ,,
GTK,,
AMX,,
OLN,,
TCN,,
OUG,,
SEW,,
KXU,,
BCE,,
YKD,,
WSP,,
BFP,,
JPU,,
TOY,,
FBA,,
LBW,,
OLK,,
AIA,,
LIO,,
MFI,,
MAV,,
MJS,,
KYA,,
RIB,,
KCC,,
ESC,,
IVG,,
KZH,,
BHE,,
DNZ,,
FDF,,
PTZ,,
QXG,,
BNS,,
BFB,,
SVD,,
LKO,,
ADZ,,
BDB,,
HGO,,
WAP,,
XYQ,,
CYI,,
AQP,,
ANI,,
GNG,,
MOP,,
SUQ,,
PUA,,
YFH,,
BVE,,
TSI,,
XJE,,
TPJ,,
SOM,,
URZ,,
LHU,,
TDA,,
GFN,,
AGH,,
SXM,,
FLP,,
PVI,,
HEC,,
SAP,,
INL,,
ZUD,,
LRB,,
SFR,,
YXS,,
TIZ,,
VHV,,
PUJ,,
NYT,,
PVR,,
PLU,,
ULI,,
RPR,,
MIZ,,
HOM,,
XTG,,
RNM,,
KMT,,
BXF,,
KHI,,
HST,,
TSN,,
YOW,,
GNR,,
GAD,,
SEE,,
VSA,,
GSE,,
BGS,,
GSQ,,
ODA,,
HBB,,
NDU,,
BGL,,
MOE,,
BLE,,
ROK,,
FKL,,
TLV,,
ZRD,,
MIQ,,
VVI,,
SZB,,
FHU,,
JGD,,
SUV,,
TJG,,
PLL,,
XXQ,,
PBH,,
DTI,,
DOX,,
IDO,,
OIC,,
ASX,,
LUM,,
XGA,,
YUT,,
SDB,,
CJM,,
AMV,,
YMO,,
AEO,,
GLW,,
TPG,,
MRD,,
SLJ,,
RHP,,
NSY,,
GLM,,
XHQ,,
TWA,,
BJD,,
TKO,,
ZJO,,
SBA,,
WKB,,
SQJ,,
PKK,,
PRG,,
QOW,,
ZUM,,
ONS,,
TRR,,
MFU,,
JIR,,
BWL,,
EMN,,
GDQ,,
SKF,,
YOG,,
DRW,,
ADI,,
RUM,,
HIJ,,
KHN,,
CPI,,
DAP,,
YSG,,
CGZ,,
NIP,,
FRE,,
CDA,,
ZND,,
DTM,,
QJZ,,
CDW,,
PBJ,,
FRQ,,
MXZ,,
ZQN,,
SLI,,
RMA,,
GSR,,
CNL,,
OVA,,
XAX,,
PZU,,
BBS,,
LWN,,
MKP,,
NYO,,
TME,,
RND,,
CKK,,
YBZ,,
NWP,,
CRX,,
YCV,,
CTT,,
YHM,,
GBI,,
LWH,,
BAN,,
CXT,,
ZLG,,
KYN,,
XLW,,
YTY,,
LKH,,
UAH,,
LCD,,
TJI,,
HBE,,
TIG,,
LOU,,
ORF,,
AOC,,
KGC,,
WED,,
CVR,,
YCA,,
DMD,,
JPT,,
CHX,,
EDM,,
TPC,,
SGX,,
RIR,,
IAG,,
XSI,,
LOQ,,
YNM,,
QSG,,
RNO,,
YIP,,
AIV,,
FDH,,
GBG,,
PDK,,
ZMF,,
GCJ,,
BLT,,
YQU,,
SOX,,
REU,,
UIP,,
VAV,,
LZR,,
EDO,,
UVA,,
CZN,,
HFT,,
SGO,,
UIR,,
ECP,,
MIK,,
HTW,,
XKO,,
ATV,,
MSF,,
WKA,,
GTS,,
QDK,,
FUG,,
XBN,,
ITA,,
TIU,,
MOJ,,
AAJ,,
MKU,,
MSB,,
XFY,,
MZO,,
ODO,,
BTV,,
LER,,
GOK,,
AVI,,
SNG,,
WNA,,
OKM,,
MXM,,
KMC,,
XMI,,
DAH,,
TVC,,
BFT,,
KRK,,
LCN,,
LEH,,
KCK,,
AUQ,,
GTB,,
PGS,,
WLR,,
WJR,,
ZVR,,
MEQ,,
ZSP,,
ARG,,
MYW,,
ITT,,
MGM,,
TDL,,
LEL,,
ILY,,
AAM,,
KST,,
XWK,,
AAW,,
QWM,,
GOU,,
EBW,,
OXB,,
VRC,,
RKS,,
TIO,,
BYV,,
PDD,,
SGV,,
AFF,,
MQW,,
EPA,,
INW,,
LNP,,
WAZ,,
SWG,,
CSE,,
PVH,,
PAG,,
KWY,,
ASZ,,
YNG,,
CZM,,
BTO,,
BMT,,
CYT,,
ARU,,
OUN,,
CCX,,
TLO,,
AWP,,
JGA,,
QWC,,
OKT,,
RUV,,
AMH,,
KAE,,
CMW,,
RRG,,
VIY,,
WSG,,
DBO,,
SFZ,,
YDL,,
MYD,,
CMS,,
KLB,,
YYN,,
UAM,,
ESM,,
MNA,,
PBE,,
VOI,,
HJT,,
SVQ,,
ZJN,,
MZM,,
PCG,,
DVN,,
YYQ,,
FFD,,
LIF,,
RUT,,
INB,,
HIW,,
ZOF,,
AJR,,
ZMD,,
LMR,,
PDL,,
JCI,,
YQI,,
KKI,,
PMF,,
LUH,,
IHA,,
AGB,,
ERQ,,
JMB,,
ZHN,,
SOF,,
TEK,,
MPK,,
KGH,,
BNA,,
NRD,,
XWW,,
VGA,,
CKS,,
AOT,,
KXK,,
EUG,,
YFE,,
MXO,,
LEF,,
GAM,,
KYK,,
EMM,,
NRN,,
SQK,,
SJE,,
WML,,
MPH,,
MLX,,
CMF,,
NAH,,
NCH,,
DBV,,
TWD,,
LYK,,
KDN,,
BRE,,
DLL,,
XOJ,,
KUA,,
CMM,,
MRM,,
BKQ,,
CBS,,
UDA,,
BRG,,
HYA,,
NAT,,
XFF,,
IXZ,,
ATZ,,
SJD,,
SXL,,
SZU,,
PLX,,
DKR,,
WWR,,
CVB,,
XEQ,,
FPY,,
WNP,,
KKE,,
FIL,,
ULO,,
MLS,,
UVO,,
OMD,,
COL,,
ZWP,,
COV,,
NUQ,,
LGG,,
VLP,,
PKD,,
ZXE,,
TIM,,
YXJ,,
KGB,,
IKU,,
LBX,,
APY,,
AHN,,
XBR,,
PBB,,
OYS,,
WBE,,
KPA,,
ISQ,,
AFI,,
NOT,,
HGA,,
GAB,,
YFA,,
BPS,,
XOF,,
TVU,,
RSN,,
LNR,,
VIQ,,
SYW,,
XVL,,
MTR,,
QJI,,
SOD,,
WNN,,
BVK,,
OLP,,
HSV,,
ZIP,,
QQM,,
ZRJ,,
SFU,,
OIA,,
YHG,,
GUD,,
SLS,,
PLE,,
PRN,,
MKM,,
ISB,,
SHW,,
MAX,,
CYB,,
DAJ,,
THI,,
HLI,,
SZW,,
OES,,
ZFY,,
MLZ,,
OZG,,
RNJ,,
PUR,,
WKK,,
SEB,,
HUT,,
BZO,,
GBD,,
ZJH,,
OSN,,
BHM,,
RBY,,
OUZ,,
KBD,,
GER,,
TAX,,
TUX,,
ZPC,,
JAK,,
MVX,,
XNB,,
FCB,,
INP,,
KOJ,,
IMO,,
KIC,,
QUP,,
LCG,,
YTS,,
KTI,,
NQI,,
KUD,,
AEB,,
SWM,,
ORZ,,
HWN,,
POX,,
XIY,,
PSN,,
MDI,,
TXG,,
ELY,,
KKW,,
VDU,,
SWV,,
YDW,,
HOX,,
BNO,,
YCC,,
CWG,,
BZP,,
DJG,,
BNK,,
QBF,,
PKM,,
TLW,,
LGZ,,
YWQ,,
BDN,,
FOX,,
SVB,,
VLA,,
BAO,,
RHD,,
CDB,,
ESK,,
MEK,,
ADU,,
RIC,,
KLV,,
RCC,,
BHU,,
MNN,,
HOI,,
WAH,,
JAE,,
SMJ,,
OTD,,
CFE,,
IPL,,
HAT,,
BZH,,
LMS,,
XGL,,
GLF,,
NOB,,
DEP,,
YMX,,
AEG,,
YNT,,
AKN,,
OMR,,
HVE,,
FLS,,
CAM,,
TUJ,,
YVO,,
SJC,,
KMU,,
AUJ,,
HIP,,
OKJ,,
CPB,,
KMH,,
KRN,,
DDD,,
HHP,,
DRH,,
YPE,,
DLK,,
GGO,,
TIS,,
SSI,,
COY,,
IDG,,
CRS,,
JRO,,
AHY,,
BRQ,,
OZR,,
SCN,,
TRX,,
GBR,,
DGE,,
LYA,,
JEM,,
WLB,,
SGC,,
HAI,,
SMG,,
ADJ,,
UZU,,
PEL,,
KAM,,
JHW,,
VOL,,
JCY,,
MXP,,
LNC,,
NAS,,
DNS,,
DFW,,
KVU,,
VSE,,
CJN,,
BJO,,
DQA,,
DIM,,
RKU,,
MTK,,
HFA,,
PMH,,
GFD,,
XDS,,
UNI,,
ECA,,
CSR,,
DBQ,,
GGN,,
SHV,,
BMK,,
PKX,,
HGS,,
CEC,,
MNF,,
PRE,,
JVL,,
MDN,,
GSI,,
DOF,,
ULN,,
SUY,,
JLD,,
GKT,,
MCU,,
KKR,,
ABH,,
TXK,,
BDJ,,
MCZ,,
HLZ,,
CRT,,
IXJ,,
CGD,,
CFV,,
CRJ,,
NHZ,,
HOE,,
IPU,,
BCX,,
ORL,,
SUA,,
FWM,,
KBQ,,
KAT,,
AEY,,
CDI,,
FPO,,
ALX,,
LWV,,
GTA,,
BOB,,
ZSB,,
DEH,,
TSY,,
YSD,,
LLS,,
SRD,,
VSF,,
MDD,,
POH,,
MTQ,,
SVJ,,
KPF,,
LYE,,
YUD,,
EUE,,
XWL,,
BFX,,
WFB,,
SLY,,
CMT,,
CXR,,
YEY,,
AQA,,
OSD,,
DIO,,
ZFC,,
PTU,,
ROV,,
LAP,,
SYS,,
CHB,,
CCY,,
BNJ,,
MWA,,
BVB,,
OMO,,
BJF,,
BSD,,
BQN,,
BZF,,
YFB,,
CTJ,,
LAS,,
XUZ,,
XCO,,
INE,,
DZU,,
FUM,,
NGA,,
EUQ,,
POB,,
PBT,,
TNL,,
YLS,,
JNB,,
CWR,,
GSM,,
BCG,,
SUC,,
HEY,,
MKS,,
BHD,,
YKK,,
NGS,,
HOV,,
HHI,,
HUV,,
KMQ,,
RVY,,
REW,,
GNS,,
BXK,,
AKG,,
BLN,,
ANX,,
WUH,,
UTK,,
ODD,,
PLT,,
TOW,,
DZA,,
TOJ,,
ZRL,,
SDR,,
PDC,,
BKH,,
NBX,,
WTD,,
YLT,,
OCF,,
UVL,,
MGC,,
SMK,,
HFD,,
RRA,,
SNC,,
SRZ,,
JGP,,
ACZ,,
AYU,,
MYT,,
MGL,,
MBT,,
PHC,,
LOK,,
SOE,,
FOD,,
RHE,,
HOR,,
MAW,,
EFL,,
ASN,,
SBZ,,
BDE,,
MBL,,
MJR,,
GVI,,
MSY,,
PRW,,
PAV,,
BJA,,
SUW,,
ORR,,
MJV,,
ONO,,
CER,,
PIK,,
XDE,,
PEM,,
CPC,,
MIS,,
JCN,,
SPG,,
EDE,,
WUN,,
RAH,,
AMA,,
KBN,,
BGX,,
BEI,,
XMS,,
XRY,,
VAK,,
LPO,,
ZPE,,
JGB,,
UGO,,
BJU,,
TAF,,
MHB,,
GUR,,
YZW,,
ULP,,
ONT,,
LYI,,
KDV,,
MCE,,
KED,,
ZFN,,
MTF,,
LSE,,
DHT,,
OLU,,
AMT,,
ESS,,
YAO,,
XQU,,
REY,,
CUH,,
AAT,,
AFO,,
ENE,,
YZT,,
SZA,,
BSS,,
KHC,,
BWM,,
ASI,,
THS,,
TUP,,
OUA,,
MEW,,
GLO,,
AGS,,
LOR,,
YAL,,
TYT,,
BTF,,
RYO,,
ITK,,
TPK,,
ARE,,
ZIM,,
YOC,,
JJI,,
MTT,,
UIN,,
HTA,,
MAH,,
IRZ,,
EIY,,
DRA,,
YXF,,
DGT,,
VTN,,
KII,,
YQM,,
EGS,,
VER,,
YGW,,
REA,,
YPL,,
DNO,,
PNS,,
MRK,,
FLO,,
YPX,,
TEP,,
WMC,,
QOR,,
DYU,,
CVC,,
WUU,,
PVB,,
YQJ,,
GWV,,
SLZ,,
KPB,,
JLS,,
ZFB,,
COG,,
LWA,,
DUD,,
EAS,,
ZSV,,
RNS,,
OLQ,,
LKU,,
JCU,,
MLV,,
LLA,,
EWD,,
WPK,,
PLJ,,
JIB,,
RJN,,
DRT,,
IPW,,
KMY,,
ESR,,
AQS,,
IXQ,,
CAR,,
IXV,,
NIR,,
SGM,,
YNY,,
IGA,,
LEA,,
ILQ,,
ISD,,
LOX,,
SRL,,
VNZ,,
BSO,,
IEJ,,
ZVA,,
THE,,
JUZ,,
SPF,,
CBR,,
DEC,,
OOT,,
XGE,,
BCP,,
SZE,,
WOO,,
SCQ,,
MKA,,
WIT,,
NSB,,
YPT,,
BDV,,
NQU,,
GRX,,
GLX,,
LSC,,
MZQ,,
GLY,,
HYC,,
AOE,,
NKN,,
XPA,,
SBW,,
BBB,,
KUT,,
SBC,,
VJI,,
KQL,,
BFK,,
MWB,,
NGU,,
CPH,,
DOM,,
MKV,,
SIS,,
AIO,,
YHN,,
LII,,
SRO,,
CBQ,,
INI,,
SXW,,
NKY,,
MZN,,
TOS,,
KWG,,
YZE,,
SMQ,,
FUL,,
FCM,,
QYU,,
ZNE,,
GDD,,
LHA,,
PRM,,
USO,,
BYX,,
KPS,,
GJR,,
GMN,,
BSB,,
HNE,,
WMX,,
KEO,,
NWH,,
BSF,,
SKB,,
EKB,,
CUJ,,
KKK,,
GLG,,
EUA,,
WEC,,
SXI,,
NIX,,
KBF,,
TST,,
TXU,,
GAY,,
OGE,,
MZE,,
SAY,,
TIE,,
DIK,,
GAR,,
LOG,,
LMB,,
RCP,,
ECH,,
FMG,,
HPB,,
MRN,,
IPE,,
XJB,,
PYN,,
ZRK,,
TOC,,
SKO,,
KTW,,
ATS,,
EEM,,
PSP,,
EBJ,,
VGD,,
RSD,,
AXB,,
LYX,,
GYL,,
FEP,,
BFQ,,
BLS,,
LZA,,
LXN,,
ADK,,
BAM,,
KZS,,
FFL,,
TXN,,
YAP,,
BMI,,
PCV,,
YET,,
BHR,,
VVB,,
UGN,,
NKC,,
BYO,,
HAU,,
GUO,,
CEA,,
HOC,,
PGF,,
PNR,,
NON,,
LTU,,
YOP,,
FIZ,,
CEP,,
SNO,,
APZ,,
KWD,,
LIW,,
NOR,,
RUP,,
LGL,,
GBT,,
ZFD,,
PHI,,
BDH,,
PLN,,
YGY,,
SIE,,
AHU,,
MDR,,
YEK,,
PWI,,
CWT,,
DVK,,
YWL,,
GLD,,
KEG,,
BNM,,
SPQ,,
XAY,,
SXP,,
CPG,,
AMW,,
KZO,,
BGY,,
MAM,,
KRV,,
TUB,,
QRY,,
MGW,,
ZNZ,,
CUX,,
ACT,,
WAI,,
SHR,,
TXR,,
CHY,,
YOS,,
MEG,,
CZX,,
RXS,,
TRT,,
EDF,,
RDG,,
PEC,,
PPU,,
SVS,,
YNS,,
AYG,,
BKJ,,
TET,,
XDW,,
KTX,,
PSG,,
GTZ,,
HED,,
BQU,,
STR,,
MJA,,
ACA,,
CVM,,
BKO,,
ZTR,,
WLN,,
RTC,,
CYO,,
KCS,,
XZM,,
ZLY,,
URT,,
KUX,,
SVL,,
BLD,,
UNG,,
AKU,,
OBC,,
CVG,,
JAS,,
SQN,,
IRR,,
EMG,,
KXA,,
URO,,
KGI,,
HEV,,
CFF,,
DAX,,
VIS,,
PIU,,
AJS,,
ZWR,,
IAA,,
ZDU,,
PLD,,
CIP,,
MTL,,
GNB,,
XZO,,
YLR,,
MTE,,
EOK,,
MDJ,,
CKO,,
AWR,,
UGC,,
FAG,,
VOH,,
OEA,,
MYP,,
KMW,,
KDB,,
GUZ,,
CCH,,
UMY,,
ULA,,
WAK,,
LEG,,
AAF,,
VDR,,
YAY,,
AYQ,,
NKA,,
MCO,,
NYG,,
LKY,,
YPD,,
MCX,,
YZR,,
LQK,,
DZI,,
NLG,,
TUE,,
BKR,,
WAV,,
MEP,,
WLD,,
HTS,,
XRH,,
SWQ,,
AUI,,
UUN,,
LKE,,
GSS,,
YYG,,
CJA,,
YGM,,
NZE,,
BFS,,
KUH,,
KCD,,
WAW,,
MEI,,
BDQ,,
CFR,,
WOW,,
CXN,,
NOU,,
GTN,,
YLI,,
WAO,,
PUO,,
MSL,,
WAD,,
BGG,,
DBA,,
KHU,,
PNP,,
JMM,,
JLH,,
KAL,,
AIG,,
WJU,,
XJK,,
NAD,,
XYS,,
WIO,,
EDR,,
NAL,,
XTL,,
PBC,,
ZUN,,
AMS,,
CIB,,
LOZ,,
IQA,,
ERN,,
SGQ,,
OBL,,
VBS,,
LFT,,
TMK,,
WAR,,
NEU,,
ZBF,,
SIF,,
AKL,,
WEI,,
KUY,,
MZI,,
AZS,,
SJN,,
KWX,,
YCU,,
OWB,,
WCH,,
BMG,,
HMB,,
AMO,,
CQA,,
BAG,,
KEH,,
MBZ,,
MTN,,
LQN,,
BYR,,
TLY,,
YBG,,
KTU,,
SHG,,
TEE,,
XRE,,
OGN,,
AYP,,
TWU,,
CLH,,
MFF,,
LIQ,,
PLP,,
TSS,,
MTW,,
CYM,,
MEO,,
CHN,,
LEC,,
REE,,
BJY,,
SQG,,
ERZ,,
HJJ,,
WBW,,
MMU,,
YMN,,
TPU,,
ZLD,,
KOH,,
GAE,,
CVI,,
AJJ,,
WSX,,
YMP,,
YTM,,
GLE,,
SLP,,
SRA,,
SYF,,
XWC,,
YAU,,
NZA,,
YOK,,
MIY,,
ATJ,,
JOC,,
XHX,,
SNY,,
COZ,,
VOZ,,
UFA,,
RSU,,
MYQ,,
XXJ,,
TGK,,
WDH,,
PWE,,
PPQ,,
KNJ,,
AOH,,
VDA,,
TNU,,
FAF,,
NIG,,
SQI,,
XPO,,
OLF,,
DAU,,
TBN,,
LMX,,
UJE,,
ADX,,
XLM,,
YAH,,
LDG,,
EED,,
IND,,
TRO,,
MNR,,
SKP,,
KEL,,
PGG,,
NBG,,
ZBU,,
UBR,,
MJE,,
WAE,,
YWY,,
BWN,,
CYF,,
NVP,,
TRU,,
NFO,,
XMN,,
MSH,,
LUT,,
NBS,,
SUL,,
SXH,,
HDM,,
PSO,,
XPJ,,
ALC,,
PYO,,
IXB,,
TBA,,
KLF,,
NDF,,
KOQ,,
STU,,
BZE,,
LNN,,
DGA,,
BCZ,,
DKS,,
BAT,,
NEA,,
VTA,,
MVG,,
GWN,,
QYW,,
RAQ,,
TAT,,
GAK,,
KJI,,
AYE,,
MJG,,
YBN,,
HPN,,
XMH,,
TRM,,
THN,,
DNM,,
NUI,,
DAD,,
ABW,,
KIH,,
FOE,,
CAX,,
TQL,,
BEX,,
RNN,,
OEM,,
NCU,,
OMM,,
HJR,,
FIC,,
TIY,,
MBR,,
ADR,,
CCR,,
PPI,,
MHF,,
ROW,,
SKM,,
IQN,,
DOE,,
LEI,,
YLA,,
PBY,,
AUR,,
IUS,,
KUG,,
NAK,,
PDS,,
DLN,,
SXJ,,
YLX,,
VAN,,
ARI,,
AKD,,
PHN,,
HRS,,
LLK,,
HQM,,
IKP,,
TEY,,
RNR,,
ZBY,,
UIT,,
CPL,,
LML,,
LSK,,
YLY,,
MWU,,
SHT,,
ABT,,
LAR,,
HMJ,,
IMN,,
XWR,,
CIQ,,
KLC,,
SZJ,,
GWY,,
PNY,,
KAC,,
REL,,
MJJ,,
REB,,
LHE,,
ASU,,
KHG,,
GDV,,
ACS,,
MDA,,
CSW,,
ALP,,
KPC,,
MJN,,
RDT,,
LPX,,
GRN,,
AJU,,
BED,,
MLG,,
MZL,,
SHZ,,
WKN,,
FOT,,
IPG,,
KAA,,
TAE,,
ATG,,
CNP,,
EZE,,
KDQ,,
LDV,,
SDL,,
TYE,,
EBN,,
SNJ,,
KLU,,
BTU,,
RGL,,
IGU,,
BQV,,
GKO,,
ACB,,
OGS,,
FVL,,
HIR,,
SAU,,
FAH,,
HHS,,
LOT,,
YEU,,
ZIX,,
CAI,,
JON,,
BMD,,
SNT,,
CRI,,
GEG,,
KJP,,
HOS,,
ORY,,
ZKG,,
DIG,,
ZLQ,,
AXD,,
LUR,,
VSO,,
QRW,,
PEK,,
APF,,
AAZ,,
WWI,,
LTB,,
LRR,,
AII,,
ANQ,,
HRG,,
AIZ,,
SNA,,
SCE,,
TRE,,
XBW,,
LIP,,
KSO,,
RZR,,
ZBE,,
MVL,,
TSD,,
EBG,,
NAG,,
AOK,,
LGQ,,
HMA,,
SNN,,
MQJ,,
DHI,,
BXV,,
RAC,,
BRS,,
LRE,,
XUT,,
PDP,,
QBC,,
CAZ,,
YCM,,
BLH,,
TAQ,,
XZD,,
STJ,,
XNG,,
NBA,,
HAP,,
OKH,,
BSU,,
UCY,,
ASE,,
BVM,,
CSI,,
GOG,,
KAO,,
PHA,,
XIN,,
AEX,,
STE,,
EBL,,
YGB,,
XGB,,
HNS,,
HOD,,
VLL,,
KLK,,
DDP,,
ZKH,,
CTF,,
XXO,,
YTZ,,
OEL,,
ERC,,
EDL,,
CRF,,
DIW,,
FSL,,
KLG,,
RNH,,
WOA,,
KTA,,
GRW,,
KBI,,
CTC,,
BPX,,
ORW,,
ZVE,,
MXL,,
ANM,,
UTA,,
TOB,,
AMN,,
PMD,,
CWF,,
IJK,,
GLQ,,
NUK,,
IRT,,
MIU,,
MRT,,
GEN,,
LAY,,
AYN,,
PTQ,,
UUK,,
AXL,,
ARN,,
MXV,,
WLW,,
SKS,,
BNH,,
PFR,,
YJV,,
YGK,,
RZH,,
KEA,,
AVB,,
AVL,,
JSM,,
VGO,,
HSP,,
OKQ,,
OTT,,
OUK,,
BVG,,
WGB,,
IDR,,
YNZ,,
LDI,,
BTL,,
SMO,,
DRE,,
MNI,,
FKQ,,
OZL,,
ANE,,
BPU,,
CQT,,
BYI,,
HBT,,
PPZ,,
WMN,,
PNA,,
DUQ,,
ABJ,,
MCQ,,
CTR,,
JRH,,
LUU,,
AJK,,
LKV,,
DPU,,
GGC,,
OER,,
HHN,,
ZMC,,
ZGR,,
RKV,,
LNS,,
OKY,,
LOI,,
GFA,,
INR,,
RTG,,
AXT,,
VVZ,,
TKQ,,
PFO,,
RVH,,
NAA,,
SBF,,
JCC,,
MKF,,
LCH,,
JMN,,
RHA,,
KLH,,
XTP,,
GHM,,
AGU,,
UPG,,
KNU,,
LYO,,
WYS,,
JAO,,
ANT,,
WMD,,
BYG,,
AEU,,
AON,,
YSA,,
AKQ,,
NAU,,
WNE,,
SNI,,
UDO,,
POD,,
CBZ,,
IBE,,
YBK,,
ABN,,
ACH,,
AMB,,
TMB,,
XFN,,
AHL,,
MEF,,
CNF,,
PCR,,
TFS,,
YQY,,
SQQ,,
NSP,,
MTI,,
NLC,,
AST,,
SEA,,
PNO,,
SDM,,
RRM,,
ATP,,
OML,,
LWT,,
NLO,,
LFB,,
BOS,,
PYE,,
PYV,,
MKR,,
INJ,,
KDS,,
KBM,,
NNT,,
WPL,,
ZXA,,
GOM,,
EVE,,
PJG,,
IIN,,
KNS,,
CSS,,
SFQ,,
BML,,
AAY,,
MCA,,
KWK,,
HDF,,
TIH,,
INS,,
KVD,,
RCB,,
LOO,,
MWG,,
YSN,,
HRJ,,
BUN,,
UKB,,
PTF,,
ANN,,
YEM,,
MSW,,
TSL,,
SZK,,
NLD,,
RBF,,
ZAC,,
BNF,,
TVA,,
MWF,,
GUF,,
LUA,,
GRG,,
BVA,,
FIN,,
GUI,,
OSB,,
UII,,
SRV,,
KWI,,
CYL,,
OUS,,
PII,,
MAR,,
YCT,,
XJJ,,
APQ,,
YLG,,
MPA,,
ADT,,
RCM,,
THD,,
JGX,,
PHR,,
SFW,,
AOJ,,
LRN,,
MPS,,
SKK,,
EJA,,
LUS,,
TCU,,
FOC,,
SLT,,
TUF,,
TOI,,
CNH,,
LRH,,
DRK,,
KDH,,
NZH,,
PTA,,
YAW,,
XSE,,
FLJ,,
ADN,,
MKO,,
YBJ,,
TTO,,
PTX,,
YHH,,
CMJ,,
ENV,,
YYL,,
BIR,,
MVD,,
TWZ,,
IQT,,
PSX,,
SCC,,
RZZ,,
JTI,,
MEU,,
XLU,,
WVK,,
CIS,,
RCT,,
EMB,,
ESP,,
NTB,,
PGE,,
RNE,,
BTI,,
BTH,,
CXY,,
IVC,,
KNL,,
LMA,,
SAA,,
RMB,,
YPR,,
CEV,,
PCP,,
GPN,,
GDL,,
SHE,,
SOZ,,
BCQ,,
GSY,,
XAP,,
DVR,,
MDB,,
AKV,,
ALE,,
HSB,,
CND,,
FEG,,
CNO,,
IMD,,
YVM,,
DAL,,
MGE,,
KGN,,
USA,,
CAQ,,
LIL,,
AOI,,
CYU,,
JEF,,
KGL,,
JBS,,
BVZ,,
CFD,,
MJW,,
UVE,,
ALY,,
JKR,,
EUM,,
SLB,,
CJU,,
TRK,,
BSV,,
ELJ,,
KDA,,
NMN,,
TAM,,
LEE,,
HTR,,
JSD,,
IXL,,
UDE,,
HTG,,
ZIG,,
WWY,,
SDP,,
SVI,,
JCB,,
JAV,,
JCJ,,
YVR,,
GTY,,
CYW,,
PKE,,
NOK,,
VAI,,
BXD,,
ELN,,
RER,,
LBT,,
IDB,,
DGW,,
JTR,,
NRT,,
CHG,,
ANW,,
XBL,,
ESE,,
OGB,,
BAW,,
LHG,,
HLD,,
LTR,,
VLM,,
PTD,,
YJD,,
ECG,,
HUZ,,
KTV,,
TCE,,
RIN,,
BEY,,
BAZ,,
YLB,,
OGO,,
TYP,,
TFI,,
KKG,,
HIL,,
ZDN,,
SUR,,
VAD,,
YVV,,
RNC,,
DNB,,
NSX,,
TBF,,
PQM,,
YMD,,
KSS,,
DTR,,
ASC,,
ERI,,
UBJ,,
GDN,,
MYI,,
NTL,,
YYJ,,
XGG,,
WLS,,
HLW,,
YYY,,
LOL,,
JUA,,
RCK,,
OSL,,
SRH,,
SQU,,
CJT,,
SJB,,
TDN,,
TNV,,
PWQ,,
AYA,,
IIL,,
SYV,,
WNH,,
PQS,,
KZF,,
JRN,,
PBR,,
VRO,,
OYK,,
GST,,
LCA,,
TRB,,
RUU,,
FLW,,
NND,,
JNG,,
GLR,,
SFO,,
YJF,,
TLE,,
LGP,,
JNU,,
NMS,,
SVA,,
APU,,
CIT,,
OXD,,
YXL,,
ZLK,,
HAS,,
UPR,,
UBB,,
MWX,,
ALO,,
TED,,
LUF,,
UEE,,
MAP,,
MZH,,
MYZ,,
SWU,,
URB,,
PYJ,,
BEJ,,
KRD,,
HEA,,
PZH,,
XDP,,
KWZ,,
MPB,,
YBY,,
HBD,,
MCV,,
CRD,,
KMJ,,
PTH,,
PSR,,
UKS,,
MLW,,
NEL,,
DTH,,
YDR,,
IIS,,
OZA,,
BIJ,,
JUP,,
OOK,,
AZG,,
ASL,,
SJS,,
DAT,,
LGI,,
GTC,,
ONK,,
IBZ,,
TTI,,
EEL,,
YMI,,
PED,,
HNM,,
BAD,,
QDI,,
EGP,,
SLW,,
HDG,,
AGC,,
FSK,,
EUF,,
OBO,,
PTP,,
GEW,,
YVQ,,
GZW,,
SMP,,
PUM,,
ZUL,,
MFK,,
STS,,
LXV,,
HKS,,
ORO,,
HLU,,
SWH,,
CNG,,
NNM,,
CTW,,
FRW,,
ANL,,
XTI,,
GAQ,,
ELH,,
DFP,,
NIC,,
VTG,,
VTF,,
HUM,,
CCG,,
LAF,,
ADB,,
LPI,,
PEG,,
ASW,,
PHD,,
YXP,,
RUE,,
PBD,,
OGM,,
PVK,,
UET,,
SQS,,
HAO,,
EHM,,
SQO,,
SIQ,,
RFK,,
AGA,,
SIT,,
MEA,,
YOA,,
TDJ,,
LZO,,
AHI,,
MZG,,
PDB,,
TXE,,
XLQ,,
MVW,,
EAE,,
CDS,,
GMS,,
RTN,,
DPS,,
XHG,,
GBJ,,
ENC,,
GUA,,
KTQ,,
SXZ,,
MDC,,
FLM,,
ZKP,,
KIZ,,
JDM,,
FUT,,
RVD,,
OTA,,
PHK,,
CLI,,
IXY,,
SNF,,
BDY,,
JSO,,
SUN,,
ORT,,
IGO,,
RFD,,
OFK,,
MRP,,
CZT,,
HAX,,
BTE,,
EDW,,
BAR,,
PRL,,
KMO,,
YRE,,
UCE,,
RGA,,
PGI,,
BDX,,
AAP,,
AWK,,
VDS,,
LLY,,
LTG,,
ZXP,,
KOW,,
VKW,,
NEC,,
XPP,,
HRA,,
BDR,,
RAO,,
ILE,,
UAC,,
GIC,,
IVA,,
SBH,,
YBF,,
THZ,,
ULX,,
YCO,,
FNJ,,
FET,,
HUJ,,
MYV,,
GNV,,
KAY,,
OAM,,
LHK,,
BDK,,
KKZ,,
LLH,,
BQH,,
BVS,,
AYZ,,
NGB,,
YRO,,
TBO,,
KTE,,
BQA,,
RUS,,
IFL,,
XXZ,,
SIC,,
VIB,,
EVN,,
SQM,,
DOV,,
FEJ,,
DMR,,
XHN,,
OAN,,
QYI,,
LAG,,
MJQ,,
FTX,,
RDB,,
VJQ,,
WEF,,
YIN,,
ONI,,
KDD,,
DCT,,
JHB,,
ALT,,
TUZ,,
CKD,,
FRN,,
HLT,,
MUB,,
ZST,,
IWK,,
GDG,,
RLI,,
BOL,,
MRS,,
NUX,,
MMZ,,
PSV,,
LVA,,
JDY,,
IXS,,
SAM,,
MGQ,,
MLR,,
KVL,,
ZSO,,
VRK,,
RLT,,
CSY,,
MNM,,
YTD,,
DFI,,
MVE,,
TGD,,
NVT,,
AIS,,
MGX,,
KOK,,
JEE,,
CUB,,
BVI,,
TJU,,
LPS,,
MTD,,
RIK,,
IDF,,
CNN,,
MPJ,,
EDD,,
DGN,,
TKS,,
ILP,,
RVO,,
SHD,,
SOQ,,
JUT,,
PUP,,
HTO,,
SWS,,
DGR,,
PGD,,
BQO,,
KAS,,
TIW,,
MGU,,
SSH,,
PZI,,
CCO,,
JWN,,
CIG,,
VKT,,
MRJ,,
JTO,,
SKJ,,
WBM,,
SCX,,
LHR,,
CSO,,
ZHP,,
AZA,,
MSI,,
ZGM,,
JAT,,
NEK,,
HGT,,
TOZ,,
ZMY,,
GCY,,
KMX,,
SRM,,
MAK,,
MMO,,
KHH,,
YWM,,
KMP,,
ZTJ,,
FIG,,
JBP,,
ISN,,
BLB,,
MWJ,,
SIO,,
GPA,,
SPZ,,
IGG,,
LLP,,
WAU,,
ALK,,
HFN,,
ZEM,,
LPK,,
TOH,,
MAY,,
THT,,
BBN,,
BTC,,
GKN,,
FMC,,
IEG,,
ATX,,
YHA,,
CRH,,
ZGU,,
RIL,,
CTS,,
KWA,,
AQI,,
SNW,,
BER,,
TYD,,
ABO,,
YQH,,
KUV,,
DNX,,
KRW,,
TUN,,
QFK,,
QRH,,
MLF,,
TRQ,,
SUH,,
FLH,,
OUR,,
YQT,,
RVK,,
WAF,,
TXF,,
HUG,,
BPY,,
KBT,,
RVV,,
SPB,,
DSK,,
AGJ,,
BLA,,
ELW,,
IRS,,
FKJ,,
GYP,,
AGG,,
SWO,,
SQH,,
LXS,,
GPI,,
GGS,,
SIM,,
PEU,,
FOY,,
HEZ,,
FSI,,
BLG,,
YBB,,
MQF,,
IGN,,
XNT,,
BSP,,
BHL,,
GOI,,
CCS,,
XDG,,
YDT,,
SCA,,
KLZ,,
DOI,,
TLL,,
NEW,,
OYP,,
PDO,,
BRJ,,
QQU,,
RMK,,
AFZ,,
GBS,,
WEH,,
GTI,,
YOL,,
TUW,,
NRG,,
BJX,,
ZXZ,,
CTM,,
RGS,,
MZC,,
NUH,,
WNC,,
SUJ,,
JAA,,
ENT,,
FCY,,
JPA,,
GRT,,
HCA,,
HYN,,
GCC,,
LVP,,
KHV,,
NAY,,
TBC,,
CTY,,
BUA,,
PFA,,
ODW,,
DPT,,
BXB,,
SGB,,
BKA,,
SGE,,
CDG,,
RMU,,
IOR,,
KRZ,,
HDN,,
RPB,,
TEO,,
SMF,,
PRO,,
WRW,,
DNV,,
JIL,,
ZEG,,
KSK,,
HYG,,
VTL,,
AMD,,
HBI,,
SOV,,
PXU,,
HAB,,
LPT,,
ICO,,
GVP,,
USU,,
MNP,,
ONR,,
COJ,,
NTX,,
BNC,,
BBM,,
RJH,,
IFN,,
KIS,,
NLK,,
DOB,,
CNZ,,
SEY,,
DAK,,
DOK,,
KZI,,
DLV,,
CWC,,
SQC,,
ACD,,
YSB,,
VDI,,
XZN,,
NGC,,
RBP,,
ANU,,
CPU,,
PFB,,
ZLL,,
BKY,,
ZHI,,
WON,,
OMS,,
ILO,,
TSJ,,
KAR,,
OBT,,
TIC,,
MSJ,,
KNN,,
OXO,,
BNG,,
VLI,,
TSR,,
BGH,,
PDN,,
VEG,,
MCB,,
KOX,,
OBA,,
LDK,,
NSN,,
WOK,,
BAF,,
GOL,,
GKH,,
FRU,,
SPA,,
LOV,,
CXB,,
HKG,,
IOA,,
POW,,
JGE,,
GRL,,
BFN,,
PAS,,
CTL,,
ZKD,,
LBK,,
CHI,,
KAP,,
BPT,,
MOL,,
FCN,,
PMI,,
EKO,,
DCN,,
CBN,,
YZY,,
AAQ,,
CTU,,
TIR,,
KPW,,
YGZ,,
LCX,,
MPN,,
BAK,,
XQD,,
JKT,,
REK,,
IZM,,
TYO,,
YMQ,,
HAG,,
RIO,,
RMC,,
BHZ,,
PAR,,
YJA,,
BUH,,
LON,,
ZTF,,
QQX,,
BJS,,
STO,,
YEA,,
SSM,,
EAP,,
TCI,,
MOW,,
SEL,,
QPT,,
YSW,,
MMA,,
HLE,,
XYC,,
QDL,,
DTT,,
MIL,,
NYC,,
SPK,,
SAO,,
SDZ,,
SFY,,
ZDA,,
QWA,,
BUE,,
OSA,,
WAS,,
ROM,,
YTO,,
